,ABBV,AXP,BAC,BLK,COF,CVX,GS,HAL,JNJ,JPM,MA,MRK,MS,PFE,SLB,TROW,USB,V,WFC,XOM
2022-01-03,114.89402770996094,159.11892700195312,41.4797477722168,820.0728759765625,136.84007263183594,99.58717346191406,355.34564208984375,21.995664596557617,151.77001953125,144.1915740966797,361.1984558105469,67.46888732910156,86.5068130493164,44.6290397644043,28.821687698364258,159.9215087890625,47.17890930175781,213.97042846679688,45.34504699707031,54.391056060791016
2022-01-04,114.67345428466797,164.22711181640625,43.10552978515625,825.0109252929688,139.43222045898438,101.39921569824219,366.26678466796875,23.31595230102539,151.3630828857422,149.6578369140625,365.5217590332031,67.59176635742188,90.02095794677734,42.95890426635742,30.22097396850586,160.36532592773438,48.414608001708984,214.9657440185547,47.15062713623047,56.43692398071289
2022-01-05,115.27584075927734,162.47708129882812,42.37797927856445,802.1195678710938,136.76626586914062,102.05889129638672,358.3119201660156,23.08673858642578,152.37167358398438,146.9217987060547,364.07086181640625,69.23306274414062,87.7933120727539,43.82548141479492,30.22097396850586,154.086181640625,48.15922927856445,212.58859252929688,46.73945617675781,57.13885498046875
2022-01-06,114.73283386230469,163.96595764160156,43.23127365112305,805.4655151367188,139.04478454589844,102.9273452758789,356.78387451171875,23.48099136352539,151.84967041015625,148.48268127441406,360.7461242675781,69.1891860961914,89.2956771850586,43.203121185302734,30.938791275024414,156.17373657226562,49.46906661987305,212.3470458984375,47.937217712402344,58.48280334472656
2022-01-07,114.43590545654297,165.36947631835938,44.174400329589844,802.5692138671875,142.69775390625,104.4053726196289,357.3052062988281,23.856904983520508,153.90228271484375,149.95387268066406,360.4049987792969,70.4793930053711,89.83964538574219,43.89637756347656,31.829252243041992,157.45590209960938,50.25167465209961,209.65101623535156,48.956199645996094,58.96216583251953
2022-01-10,115.71701049804688,164.76258850097656,43.949851989746094,785.542236328125,144.967041015625,104.47216796875,358.7972717285156,23.70103645324707,153.14138793945312,150.09744262695312,354.80853271484375,72.29623413085938,89.90872192382812,44.306034088134766,31.911020278930664,155.50802612304688,50.54824447631836,204.82908630371094,49.474639892578125,58.611202239990234
2022-01-11,116.20907592773438,166.3178253173828,44.20134735107422,798.8992919921875,146.2216339111328,106.86039733886719,362.2847900390625,24.97548484802246,151.51344299316406,150.24989318847656,357.1290283203125,71.6818618774414,91.4542465209961,44.66054916381836,33.14674758911133,159.18182373046875,51.174339294433594,207.1579132080078,50.10927200317383,61.076515197753906
2022-01-12,116.48059844970703,165.45481872558594,43.88697052001953,796.1290283203125,146.47991943359375,106.32595825195312,350.8334045410156,25.158857345581055,150.2217254638672,151.10211181640625,358.12347412109375,71.26933288574219,88.97621154785156,44.6290397644043,33.1195068359375,148.6206512451172,51.47914505004883,208.4430694580078,50.413185119628906,60.896751403808594
2022-01-13,114.45753479003906,164.33578491210938,43.797142028808594,780.3612670898438,148.8599090576172,105.88339233398438,351.2737731933594,25.60812759399414,149.3104248046875,150.91372680664062,360.2781677246094,71.37464904785156,88.54452514648438,43.75457763671875,32.865074157714844,145.72764587402344,52.0557975769043,207.75701904296875,50.05564498901367,60.460182189941406
2022-01-14,116.4720230102539,159.69845581054688,43.03365707397461,763.2893676757812,148.11270141601562,107.68708801269531,342.41107177734375,26.350788116455078,148.4964141845703,141.63807678222656,362.8326416015625,71.42731475830078,85.37571716308594,43.28977584838867,34.35523223876953,143.80445861816406,52.105220794677734,207.43814086914062,51.89696502685547,61.52164077758789
2022-01-18,117.25210571289062,157.5836944580078,41.55160903930664,748.3580932617188,144.90252685546875,108.0378189086914,318.55535888671875,26.222427368164062,147.84176635742188,135.69947814941406,357.13873291015625,71.56774139404297,81.17082214355469,42.62801742553711,34.10990524291992,140.34429931640625,51.23199462890625,208.4430694580078,50.67238998413086,62.55742263793945
2022-01-19,115.90625,153.0507049560547,41.713279724121094,742.5116577148438,139.85655212402344,107.64533996582031,312.1915588378906,26.02071189880371,147.3816375732422,133.60032653808594,351.7080993652344,71.34831237792969,82.65593719482422,42.17897033691406,33.71010971069336,137.90333557128906,47.261287689208984,207.44778442382812,49.67127990722656,62.583106994628906
2022-01-20,114.03749084472656,152.60496520996094,41.09352111816406,743.4560546875,138.62042236328125,107.26119232177734,312.892578125,25.800668716430664,146.20497131347656,132.4610595703125,354.896240234375,70.87435913085938,86.19599914550781,42.580753326416016,33.664676666259766,135.43771362304688,46.90706253051758,207.1289520263672,49.16179275512695,62.72005844116211
2022-01-21,113.13739013671875,150.5376434326172,40.347991943359375,720.4027099609375,135.16116333007812,105.97525024414062,309.1263427734375,25.250545501708984,145.86874389648438,130.14662170410156,346.19927978515625,70.19853210449219,85.35846710205078,41.58811569213867,33.0377197265625,131.2378692626953,45.39126968383789,198.9925994873047,47.972965240478516,61.7784538269043
2022-01-24,113.29168701171875,150.71780395507812,40.01565170288086,707.7200927734375,136.8031768798828,106.20071411132812,308.65899658203125,26.213258743286133,144.18771362304688,130.02999877929688,340.680908203125,69.1891860961914,84.68498992919922,40.60336685180664,33.25579071044922,130.94200134277344,46.79997253417969,195.05003356933594,47.660118103027344,62.30916976928711
2022-01-25,114.08892059326172,164.1651153564453,40.80607986450195,718.2709350585938,140.3639373779297,110.71829223632812,307.005126953125,28.04698944091797,148.3106689453125,131.44735717773438,330.28753662109375,69.74214172363281,85.51387786865234,41.391170501708984,35.245689392089844,129.56947326660156,47.29424285888672,195.19497680664062,47.90146255493164,64.14105987548828
2022-01-26,115.06616973876953,166.2609405517578,41.228248596191406,715.5006103515625,133.66671752929688,110.80178833007812,308.0207824707031,28.239534378051758,148.9742431640625,132.69427490234375,336.0399475097656,69.4612808227539,86.4895248413086,41.76142883300781,36.163394927978516,128.72293090820312,47.41781234741211,198.93460083007812,48.39308166503906,63.490474700927734
2022-01-27,116.5577621459961,163.0176544189453,40.842010498046875,708.7456665039062,130.69638061523438,113.0396957397461,306.53765869140625,28.26704216003418,150.9295196533203,130.35289001464844,341.7631530761719,70.72515869140625,87.3357162475586,42.36471939086914,35.30929946899414,123.1587905883789,47.31895446777344,199.20516967773438,48.053409576416016,64.3036880493164
2022-01-28,118.22936248779297,167.91102600097656,41.2013053894043,726.8968505859375,131.5635223388672,109.0649185180664,311.91290283203125,28.752979278564453,151.99122619628906,131.5191192626953,372.9433288574219,71.00603485107422,88.50945281982422,43.12675476074219,36.05437469482422,123.12593841552734,47.846195220947266,220.31907653808594,48.437774658203125,64.44064331054688
2022-01-31,117.34640502929688,170.52841186523438,41.44381332397461,740.2089233398438,135.35487365722656,109.66612243652344,318.80706787109375,28.184520721435547,152.43359375,133.30433654785156,376.716552734375,71.51509094238281,89.15283966064453,41.8249397277832,35.500099182128906,126.92301940917969,47.93679428100586,218.5507354736328,48.089176177978516,65.0227279663086
2022-02-01,117.4406967163086,174.05618286132812,42.16239547729492,742.9163818359375,138.82342529296875,112.55538177490234,327.2384033203125,28.76215171813965,151.1861114501953,135.59182739257812,382.25445556640625,71.9012680053711,90.3787612915039,42.126583099365234,35.908992767333984,128.00790405273438,48.826507568359375,224.5322265625,49.698097229003906,69.19152069091797
2022-02-02,118.82942199707031,174.64418029785156,42.117488861083984,739.8222045898438,138.0207977294922,113.0731201171875,326.3395080566406,28.798826217651367,152.85829162597656,134.50637817382812,386.8271179199219,71.98027038574219,90.35267639160156,42.753665924072266,35.663665771484375,128.91197204589844,49.2384147644043,227.48912048339844,49.993072509765625,69.0117416381836
2022-02-03,120.63819122314453,174.5303497314453,41.70429611206055,724.7650756835938,136.7938995361328,112.06270599365234,322.5822448730469,28.624618530273438,152.8494415283203,133.39398193359375,380.314208984375,69.34716033935547,88.93548583984375,42.372650146484375,35.05487060546875,121.61366271972656,48.727657318115234,223.73983764648438,49.53516387939453,68.20711517333984
2022-02-04,120.56958770751953,176.24685668945312,43.366004943847656,728.4078369140625,138.69422912597656,113.46556854248047,330.4203186035156,29.284767150878906,151.84967041015625,136.85667419433594,372.64111328125,68.95219421386719,90.51786804199219,42.07101821899414,34.99127197265625,122.2136459350586,49.18074035644531,220.69595336914062,50.57668685913086,69.6880111694336
2022-02-07,122.18118286132812,178.16241455078125,43.57258987426758,734.7941284179688,140.37318420410156,115.69514465332031,330.9147644042969,29.807376861572266,151.34535217285156,137.31419372558594,366.7228698730469,68.09205627441406,91.44817352294922,42.237709045410156,36.590457916259766,124.79434204101562,49.08189010620117,219.5074005126953,51.47454833984375,70.52689361572266
2022-02-08,123.02129364013672,183.97567749023438,44.35404968261719,726.2223510742188,143.88778686523438,113.9332046508789,332.6675109863281,29.119731903076172,151.74346923828125,139.89773559570312,365.0069274902344,67.50399017333984,92.46542358398438,41.03908920288086,35.455692291259766,124.3341064453125,49.08189010620117,220.26112365722656,52.749515533447266,68.70359802246094
2022-02-09,122.75553894042969,186.2516632080078,44.26422119140625,731.268310546875,146.5260467529297,115.06049346923828,336.6494445800781,29.935745239257812,151.7257843017578,140.48085021972656,371.8318176269531,67.17047882080078,94.53470611572266,40.85651397705078,35.91142272949219,125.96144104003906,49.22193145751953,223.09239196777344,53.02784729003906,68.37469482421875
2022-02-10,122.33549499511719,185.40765380859375,44.05763626098633,699.957763671875,145.29916381835938,113.59918212890625,333.0899658203125,29.715694427490234,149.8943634033203,139.89773559570312,365.0264587402344,67.19678497314453,93.52615356445312,40.1659049987793,35.7017822265625,121.49859619140625,48.7770881652832,218.34487915039062,53.01887512207031,67.71692657470703
2022-02-11,121.73539733886719,181.8988494873047,43.04264831542969,694.830810546875,144.4564971923828,115.9122543334961,326.3395080566406,30.73341941833496,148.38145446777344,138.0767059326172,360.5218811035156,67.26701354980469,90.91781616210938,40.30878829956055,37.02340316772461,118.5562515258789,48.233360290527344,217.47384643554688,52.354454040527344,69.42195892333984
2022-02-14,122.58406829833984,182.4109649658203,42.59354019165039,683.8753051757812,143.66014099121094,114.12523651123047,323.80474853515625,29.669851303100586,146.5146026611328,136.7938690185547,364.80218505859375,67.11780548095703,89.17890930175781,39.53087615966797,35.820274353027344,118.46585083007812,47.67319107055664,218.10293579101562,51.941436767578125,68.3573989868164
2022-02-15,124.09282684326172,187.75006103515625,42.925872802734375,702.6560668945312,147.13265991210938,113.28987121582031,327.1304931640625,29.81654930114746,148.02755737304688,138.79434204101562,371.9976501464844,68.2939224243164,89.92664337158203,39.522945404052734,36.54032897949219,120.47124481201172,48.28280258178711,220.5032958984375,52.41729736328125,67.50053405761719
2022-02-16,125.0443344116211,188.12937927246094,42.82707595825195,704.6619873046875,147.10484313964844,113.32363891601562,323.6339416503906,30.77925682067871,147.93907165527344,139.0455322265625,373.35284423828125,67.77608489990234,87.94432830810547,39.43562698364258,37.99864959716797,120.1178207397461,48.274559020996094,221.47120666503906,52.201812744140625,67.81211853027344
2022-02-17,124.2728271484375,185.59735107421875,41.38093566894531,685.8450927734375,142.9378204345703,112.74140930175781,313.7554931640625,30.229145050048828,147.03663635253906,135.84298706054688,364.3536376953125,67.0212631225586,83.59709167480469,38.81646728515625,37.47001647949219,117.87410736083984,47.063575744628906,217.3964385986328,50.41507339477539,67.70828247070312
2022-02-18,123.46705627441406,184.81021118164062,41.28213882446289,680.0165405273438,142.56747436523438,112.58108520507812,311.0409851074219,29.57815933227539,145.46055603027344,136.47991943359375,360.69744873046875,67.03003692626953,82.96238708496094,38.52275466918945,36.64970397949219,117.91519927978516,47.03886032104492,215.53807067871094,49.948177337646484,66.95527648925781
2022-02-22,124.77857971191406,182.49627685546875,40.922855377197266,670.5361938476562,141.61366271972656,111.72039031982422,309.45001220703125,28.844669342041016,143.48379516601562,136.23768615722656,359.0789794921875,66.66140747070312,82.3798599243164,37.728973388671875,36.048133850097656,116.87962341308594,47.615516662597656,214.2120361328125,49.63392639160156,66.17632293701172
2022-02-23,125.8072509765625,179.18661499023438,40.22224044799805,658.85205078125,138.40968322753906,114.37843322753906,306.6815185546875,29.04637908935547,143.55506896972656,133.38504028320312,352.1955261230469,66.56485748291016,81.33653259277344,37.20507049560547,36.2213134765625,114.80850219726562,46.668155670166016,209.01454162597656,48.43976974487305,66.44463348388672
2022-02-24,124.53003692626953,178.61766052246094,39.1623420715332,658.222412109375,136.8354949951172,113.7877426147461,305.7826232910156,28.85384178161621,140.8125,129.671142578125,360.1417541503906,64.51981353759766,79.82369232177734,36.48271179199219,34.92704391479492,117.31523895263672,45.58074951171875,210.32118225097656,47.32640838623047,65.60508728027344
2022-02-25,128.1903533935547,183.70068359375,40.43781280517578,675.3842163085938,142.22482299804688,118.4540023803711,314.7082824707031,29.825716018676758,147.81129455566406,132.73912048339844,359.8589782714844,66.98615264892578,82.20598602294922,37.87979507446289,35.957000732421875,119.38638305664062,47.236572265625,212.22793579101562,48.58342361450195,67.37071990966797
2022-02-28,126.67308044433594,184.48777770996094,39.701271057128906,669.10595703125,141.9285125732422,121.50860595703125,306.7713317871094,30.742591857910156,146.53797912597656,127.20423889160156,351.7958068847656,67.21436309814453,78.89337921142578,37.2606315612793,35.76559066772461,118.81108856201172,46.577545166015625,209.17906188964844,47.91900634765625,67.87271881103516
2022-03-01,126.60453033447266,168.859375,38.14735412597656,642.9495849609375,130.27012634277344,126.33514404296875,296.7442932128906,29.5463809967041,146.03045654296875,122.4049072265625,335.864501953125,67.00370025634766,76.18942260742188,36.31601333618164,34.33460235595703,114.70166778564453,44.3697624206543,202.25869750976562,45.15359115600586,68.52183532714844
2022-03-02,128.21607971191406,170.99302673339844,38.767127990722656,663.843994140625,130.75167846679688,130.06480407714844,304.1402893066406,30.300901412963867,147.846923828125,124.94363403320312,335.4842529296875,67.2933349609375,76.84149169921875,37.863914489746094,35.76559066772461,117.51244354248047,46.32215881347656,201.784423828125,46.8864631652832,69.69892120361328
2022-03-03,128.93617248535156,170.5947723388672,38.35192108154297,663.5472412109375,128.26995849609375,131.81996154785156,301.4639892578125,30.687376022338867,150.01956176757812,124.05551147460938,332.4617614746094,67.71463775634766,76.31983947753906,37.96710968017578,35.109344482421875,117.46317291259766,46.388065338134766,200.57455444335938,46.006553649902344,70.14033508300781
2022-03-04,129.0647735595703,164.01339721679688,36.961910247802734,630.7333984375,124.19554901123047,133.87042236328125,298.0733947753906,31.405101776123047,150.9099884033203,120.56591033935547,322.4876708984375,68.31147766113281,75.08522033691406,38.61801528930664,35.49214553833008,114.03592681884766,45.51484680175781,193.8574676513672,43.80678176879883,72.7801284790039
2022-03-07,128.1132354736328,150.90750122070312,34.6060905456543,613.0587768554688,115.56521606445312,136.73089599609375,291.03912353515625,33.346641540527344,153.34088134765625,115.91014862060547,305.09375,68.22370147705078,72.5551528930664,38.086181640625,38.37236022949219,110.51004791259766,43.74367141723633,184.57546997070312,41.13116455078125,75.40257263183594
2022-03-08,126.14160919189453,151.77993774414062,34.83174133300781,600.2013549804688,116.7505111694336,143.8948516845703,290.5688781738281,33.82512283325195,150.2332763671875,115.09381866455078,306.4685363769531,67.53910827636719,72.43341827392578,37.657527923583984,41.08850860595703,110.85525512695312,43.86724853515625,185.55303955078125,41.714759826660156,75.97380828857422
2022-03-09,127.59030151367188,159.93556213378906,37.04313659667969,627.7091064453125,122.14908599853516,140.3002471923828,301.6177062988281,32.058414459228516,150.80313110351562,119.70474243164062,319.9233703613281,68.2763671875,75.98945617675781,38.69740295410156,38.791629791259766,114.14276885986328,44.90522766113281,193.344482421875,44.138999938964844,71.65496063232422
2022-03-10,127.87319946289062,160.83648681640625,36.709171295166016,631.2857666015625,120.62117004394531,144.13958740234375,298.28131103515625,34.92011642456055,151.07029724121094,118.2873764038086,316.4719543457031,68.36415100097656,74.65048217773438,39.05460739135742,39.557247161865234,113.89620971679688,43.65306091308594,191.6119842529297,44.004310607910156,73.87931060791016
2022-03-11,127.77890014648438,159.2242889404297,36.402286529541016,622.086181640625,120.46376037597656,144.2070770263672,295.6593017578125,34.42322540283203,150.7942352294922,115.6230697631836,316.6669006347656,68.68888854980469,74.05928802490234,39.90396499633789,39.10152816772461,112.04698181152344,43.37295913696289,190.3924560546875,43.51947784423828,73.49848175048828
2022-03-14,130.38485717773438,163.86163330078125,37.18756103515625,631.5846557617188,123.77883911132812,140.67996215820312,293.8328857421875,33.457061767578125,152.87783813476562,116.77131652832031,320.371826171875,68.87484741210938,73.65934753417969,41.475669860839844,37.87105941772461,113.54779052734375,44.44390869140625,193.89617919921875,44.76750946044922,70.86735534667969
2022-03-15,133.62527465820312,166.94369506835938,37.45834732055664,640.7659301757812,124.33443450927734,133.55819702148438,297.6122131347656,32.021610260009766,156.84027099609375,118.84353637695312,326.6215515136719,69.6363754272461,75.05914306640625,41.44391632080078,35.783817291259766,115.57926177978516,44.814613342285156,199.51956176757812,44.991966247558594,66.83411407470703
2022-03-16,133.7709503173828,171.27757263183594,38.63172912597656,661.9898681640625,127.6402816772461,133.07725524902344,308.1004638671875,31.285476684570312,155.39776611328125,124.15422058105469,336.0594482421875,69.17594146728516,79.78021240234375,42.007511138916016,34.52600860595703,120.3553466796875,46.36335372924805,205.06558227539062,46.32978439331055,66.5831069946289
2022-03-17,135.94834899902344,177.30897521972656,38.83933639526367,670.8815307617188,127.37175750732422,135.38082885742188,310.369873046875,33.02458572387695,157.4279327392578,125.72406768798828,337.77545166015625,69.90203857421875,81.60604858398438,43.05531692504883,36.01168441772461,121.88105773925781,46.668155670166016,206.59483337402344,46.222042083740234,68.3573989868164
2022-03-18,136.47122192382812,180.86517333984375,38.72200012207031,668.7627563476562,127.98291015625,136.4693145751953,312.2776794433594,33.16261291503906,155.68267822265625,125.67919921875,341.33416748046875,70.05257415771484,82.44072723388672,43.26963424682617,36.21220016479492,121.68202209472656,46.569305419921875,212.07305908203125,46.168174743652344,68.08910369873047
2022-03-21,137.1999053955078,179.3193817138672,38.66783905029297,664.4527587890625,124.49189758300781,138.92481994628906,306.5091857910156,34.57965850830078,156.564208984375,125.27552032470703,336.93695068359375,70.00829315185547,80.51925659179688,43.015621185302734,37.542930603027344,120.7865219116211,46.264495849609375,210.06951904296875,45.916770935058594,71.1443099975586
2022-03-22,137.16558837890625,181.4436492919922,39.87733840942383,676.2597045898438,127.94586944580078,138.46075439453125,310.13482666015625,34.128780364990234,155.82518005371094,127.9398193359375,340.7881164550781,70.22081756591797,81.9190673828125,42.10276794433594,37.55205154418945,123.91252899169922,46.97296142578125,211.45362854003906,47.93696212768555,70.83272552490234
2022-03-23,135.8026123046875,176.4080352783203,38.89348602294922,666.8339233398438,124.07518005371094,139.95425415039062,303.444091796875,35.030540466308594,155.23748779296875,125.39215087890625,333.6219787597656,70.60159301757812,80.31929016113281,41.42805480957031,38.65489959716797,121.41667175292969,46.009117126464844,207.78529357910156,45.898807525634766,71.9492416381836
2022-03-24,137.3970489501953,179.1297607421875,38.87543487548828,668.4819946289062,125.07527160644531,140.3255615234375,304.00469970703125,34.67167282104492,156.03890991210938,126.20845794677734,340.6126708984375,71.20372772216797,80.10191345214844,41.74555587768555,38.86454391479492,123.35697937011719,46.173885345458984,210.33084106445312,46.08736801147461,72.16561126708984
2022-03-25,138.29714965820312,180.44789123535156,39.471160888671875,670.9810180664062,125.82532501220703,142.86541748046875,305.1438293457031,35.79426574707031,157.53477478027344,127.3118896484375,340.2908935546875,72.02725219726562,80.31929016113281,41.89637756347656,39.812461853027344,123.48133087158203,47.05534744262695,211.41490173339844,47.191734313964844,73.74083709716797
2022-03-28,138.84576416015625,179.89785766601562,39.308692932128906,678.9854125976562,123.3899154663086,140.36778259277344,303.1637878417969,34.34040832519531,158.34506225585938,126.36993408203125,341.7241516113281,71.9121322631836,79.35420227050781,42.293277740478516,38.035118103027344,124.6007308959961,46.71759796142578,213.67971801757812,46.51833724975586,71.67227172851562
2022-03-29,139.0258026123047,181.07379150390625,39.20940399169922,700.1367797851562,125.64937591552734,138.65481567382812,307.10595703125,34.828102111816406,158.26495361328125,126.64805603027344,358.3575134277344,72.23092651367188,79.84978485107422,41.8646240234375,38.85542678833008,128.5227813720703,46.84939956665039,220.793701171875,46.32978439331055,71.29145050048828
2022-03-30,140.3716278076172,179.95477294921875,38.812259674072266,703.8672485351562,124.51966094970703,139.63363647460938,303.4259948730469,35.44460678100586,159.91221618652344,126.07392883300781,353.18023681640625,72.96588897705078,78.4847640991211,41.62648391723633,38.47261047363281,126.94734191894531,45.827857971191406,216.7576141357422,44.991966247558594,72.51180267333984
2022-03-31,138.9657440185547,177.33740234375,37.20560836791992,691.92431640625,121.57495880126953,137.39752197265625,298.4621887207031,34.84650802612305,157.810791015625,122.28829193115234,348.4417724609375,72.6559829711914,75.98945617675781,41.09465408325195,37.652313232421875,125.36357116699219,44.14191436767578,214.64761352539062,43.510494232177734,71.48185729980469
2022-04-01,139.4543914794922,177.49859619140625,36.91678237915039,696.9857788085938,121.20455932617188,138.5704345703125,298.5706787109375,35.49982452392578,158.66563415527344,121.38226318359375,354.8670349121094,73.95767211914062,75.63297271728516,40.935890197753906,37.99864959716797,126.74832916259766,43.93428421020508,219.09017944335938,43.734962463378906,71.94056701660156
2022-04-04,138.7771759033203,177.9633026123047,36.85359573364258,708.27685546875,121.9268569946289,138.6969757080078,296.75335693359375,35.67464828491211,157.1340789794922,121.9205093383789,357.7333984375,73.93110656738281,75.88509368896484,40.435791015625,37.87105941772461,129.15292358398438,43.73496627807617,220.4259033203125,43.510494232177734,71.97518920898438
2022-04-05,140.09730529785156,175.820068359375,36.23078918457031,692.15966796875,120.76934814453125,137.84475708007812,292.91058349609375,34.53365707397461,158.149169921875,120.50166320800781,354.2332458496094,74.13477325439453,74.14623260498047,40.67393112182617,36.877559661865234,128.39837646484375,44.017330169677734,218.8289031982422,43.205223083496094,71.60303497314453
2022-04-06,144.79493713378906,174.21742248535156,35.833641052246094,674.7749633789062,119.71368408203125,139.06826782226562,285.9486999511719,34.368019104003906,162.26296997070312,118.82979583740234,344.7076416015625,75.24165344238281,72.27691650390625,41.96782684326172,37.16923141479492,123.03361511230469,43.9924201965332,211.97625732421875,42.99869918823242,72.39927673339844
2022-04-07,148.54104614257812,173.45657348632812,35.5538330078125,678.0889282226562,119.74147033691406,141.0006103515625,284.0408935546875,34.73607635498047,161.84445190429688,118.46829223632812,341.28057861328125,76.86212921142578,72.27691650390625,43.78561019897461,37.342403411865234,121.47476959228516,43.668514251708984,209.20811462402344,42.864036560058594,73.61100006103516
2022-04-08,149.98118591308594,174.70240783691406,35.80656051635742,666.508056640625,122.01017761230469,143.38858032226562,290.58697509765625,36.7512321472168,162.16505432128906,120.63722229003906,343.9362487792969,77.64138793945312,73.08550262451172,43.79353713989258,38.782508850097656,121.18450927734375,43.39444351196289,210.011474609375,43.75291442871094,75.16023254394531
2022-04-11,145.58360290527344,168.87269592285156,35.73435592651367,659.5179443359375,121.51940155029297,139.7011260986328,290.0173034667969,35.94149398803711,160.13485717773438,120.19440460205078,339.1522521972656,76.71159362792969,73.05072784423828,42.809242248535156,37.670536041259766,118.63067626953125,42.95426940917969,207.85305786132812,44.29164123535156,72.57240295410156
2022-04-12,143.42340087890625,166.94210815429688,35.35525894165039,649.0598754882812,122.4454345703125,142.61228942871094,289.1312561035156,36.37397003173828,160.18824768066406,118.87496948242188,337.61932373046875,75.82608795166016,72.97247314453125,42.1583366394043,37.85282897949219,119.29400634765625,42.20681381225586,204.61065673828125,43.474578857421875,74.08702850341797
2022-04-13,137.41497802734375,170.79371643066406,35.039344787597656,648.0729370117188,122.80655670166016,144.8568115234375,291.11138916015625,36.98128128051758,160.86502075195312,115.043212890625,346.7384033203125,76.26882934570312,73.14636993408203,42.150394439697266,38.800743103027344,119.05352020263672,42.03240203857422,206.4206085205078,43.58232498168945,75.13427734375
2022-04-14,140.31976318359375,172.2868194580078,33.91108322143555,623.1094970703125,122.77876281738281,144.789306640625,290.81304931640625,37.505767822265625,160.18824768066406,113.9768295288086,349.35498046875,76.95954895019531,73.69412231445312,42.1662712097168,39.4205322265625,115.22274017333984,43.77648162841797,205.9560089111328,41.615997314453125,76.01709747314453
2022-04-18,137.76942443847656,175.44419860839844,35.0664176940918,615.7119140625,127.76991271972656,146.7300567626953,298.26318359375,38.31550979614258,158.19369506835938,116.091552734375,348.3591613769531,76.21571350097656,75.18956756591797,41.15021514892578,39.812461853027344,115.51292419433594,43.8014030456543,206.3237762451172,42.35224533081055,76.6402587890625
2022-04-19,135.16725158691406,178.00244140625,35.71629333496094,635.2425537109375,131.11279296875,144.9918212890625,303.75146484375,38.011863708496094,163.0198516845703,118.49539947509766,355.2619323730469,75.96778106689453,77.30233001708984,39.832515716552734,39.58460235595703,120.3304672241211,43.91767120361328,208.77256774902344,42.94483184814453,75.95651245117188
2022-04-20,135.46981811523438,179.22926330566406,35.79753875732422,632.9156494140625,131.35354614257812,145.58250427246094,308.37176513671875,36.43838119506836,163.74111938476562,118.9111328125,356.6482849121094,76.5610580444336,78.78036499023438,39.49118423461914,38.9010009765625,118.9042739868164,44.058860778808594,210.79544067382812,43.68109130859375,76.12959289550781
2022-04-21,137.04324340820312,176.64251708984375,35.120582580566406,617.033935546875,129.62191772460938,138.87420654296875,302.25958251953125,35.84027862548828,163.26914978027344,117.98931884765625,355.8183898925781,76.35740661621094,77.30233001708984,38.9831657409668,37.05074691772461,115.73683166503906,43.718353271484375,209.49844360351562,42.89995574951172,75.3246841430664
2022-04-22,133.9915008544922,171.69717407226562,33.90205764770508,600.2647094726562,125.26969909667969,135.81114196777344,289.1222229003906,34.68086624145508,161.64852905273438,114.60039520263672,342.8721618652344,74.90514373779297,73.67672729492188,38.205238342285156,37.96220397949219,111.31729125976562,42.215118408203125,201.48439025878906,41.60702133178711,73.68022918701172
2022-04-25,135.12400817871094,175.08285522460938,33.658348083496094,605.0999755859375,126.36239624023438,132.89158630371094,290.6140441894531,32.5092887878418,165.62879943847656,114.56423950195312,346.2112121582031,75.65782928466797,73.94625091552734,38.85615158081055,35.264278411865234,113.75506591796875,42.223419189453125,203.20724487304688,41.149112701416016,71.1962661743164
2022-04-26,135.02027893066406,169.8997344970703,32.90016174316406,585.876953125,122.4454345703125,132.08152770996094,283.1095275878906,32.31605911254883,164.44451904296875,111.17530822753906,335.9693908691406,74.80774688720703,71.61614227294922,38.91965103149414,36.03902816772461,108.99559783935547,41.55070877075195,194.64144897460938,40.02678680419922,71.22222900390625
2022-04-27,136.26515197753906,168.92970275878906,32.71963882446289,582.2280883789062,115.14849853515625,131.8368377685547,283.2090759277344,33.07059097290039,162.14723205566406,109.72935485839844,353.0162658691406,74.74578094482422,71.47704315185547,39.483253479003906,36.412723541259766,108.67219543457031,41.2267951965332,207.23361206054688,40.02678680419922,73.25614929199219
2022-04-28,135.13267517089844,173.06666564941406,33.22509765625,589.4264526367188,119.80630493164062,136.51998901367188,287.8925476074219,33.7883186340332,163.35821533203125,111.46448516845703,369.8678894042969,78.4383316040039,73.13440704345703,40.09447479248047,36.558555603027344,107.26260375976562,41.559017181396484,213.57327270507812,40.556514739990234,75.4718246459961
2022-04-29,126.98028564453125,166.15277099609375,32.20514678955078,565.6219482421875,115.39852142333984,132.19967651367188,276.2108459472656,32.77614974975586,160.6869354248047,107.86769104003906,354.7834777832031,78.53575134277344,70.6702651977539,38.95140838623047,35.55595779418945,102.02220153808594,40.3298454284668,206.28512573242188,39.17381286621094,73.78409576416016
2022-05-02,127.83613586425781,163.21408081054688,32.62034606933594,565.7305908203125,117.26904296875,134.79856872558594,280.6683654785156,33.0890007019043,159.0663299560547,108.85274505615234,350.54620361328125,77.61481475830078,71.87163543701172,38.3719367980957,35.647090911865234,103.87956237792969,40.57069396972656,204.73648071289062,39.20972442626953,74.78807830810547
2022-05-03,129.33177185058594,163.6800994873047,33.5139274597168,571.3988037109375,119.13031005859375,137.1106414794922,284.5019836425781,33.7423095703125,158.7546844482422,111.18434143066406,349.32574462890625,77.1277847290039,73.4413070678711,39.12604522705078,36.59501647949219,106.64073181152344,41.08561706542969,201.86190795898438,39.64967727661133,76.32868194580078
2022-05-04,131.05213928222656,169.1104278564453,34.85881805419922,602.3382568359375,124.36222839355469,141.41407775878906,293.0462646484375,35.03974151611328,160.45538330078125,114.86247253417969,359.8018798828125,78.38519287109375,76.48419189453125,39.41974639892578,38.82808303833008,111.74016571044922,41.96595764160156,207.63046264648438,41.28378677368164,79.3665771484375
2022-05-05,131.56219482421875,162.6339569091797,33.884010314941406,573.8887939453125,120.68599700927734,140.2917938232422,283.0643615722656,33.76072311401367,157.392333984375,111.98866271972656,345.0102844238281,77.93360137939453,74.48485565185547,38.459259033203125,38.3541259765625,105.595947265625,40.894596099853516,198.64849853515625,40.408103942871094,78.16352844238281
2022-05-06,132.12416076660156,158.96302795410156,33.802764892578125,569.1893920898438,117.63945007324219,144.02987670898438,282.9649353027344,34.368019104003906,157.0450439453125,111.80792236328125,338.9081726074219,78.27009582519531,73.86222076416016,38.92759323120117,39.220008850097656,104.33561706542969,40.93612289428711,196.3061981201172,40.21852493286133,79.35794830322266
2022-05-09,130.50747680664062,153.13328552246094,32.82794952392578,548.3094482421875,114.10210418701172,134.37669372558594,279.2850036621094,30.696577072143555,157.89987182617188,110.12699890136719,320.23065185546875,77.60597229003906,71.1613540649414,38.610076904296875,34.67184066772461,101.52470397949219,41.06069564819336,186.80160522460938,39.685882568359375,73.100341796875
2022-05-10,131.48439025878906,153.90359497070312,32.27735900878906,552.537841796875,112.07418060302734,135.667724609375,275.82208251953125,31.5615234375,157.68614196777344,107.44294738769531,317.6335754394531,77.7564926147461,70.3808822631836,39.2848014831543,34.535125732421875,101.90611267089844,40.994258880615234,187.3629608154297,38.89144515991211,73.58502197265625
2022-05-11,131.3719940185547,151.58311462402344,32.105865478515625,543.5921630859375,110.74073028564453,137.6759796142578,272.6484375,31.92039680480957,156.83135986328125,106.7651596069336,318.1607971191406,78.97850036621094,69.17951202392578,39.253047943115234,34.97262191772461,95.17316436767578,40.24678421020508,190.40206909179688,38.431026458740234,75.11695861816406
2022-05-12,133.38632202148438,145.76284790039062,31.6545467376709,543.6373901367188,105.7032699584961,138.98391723632812,270.71356201171875,31.800777435302734,158.3806915283203,106.67479705810547,313.640380859375,80.43073272705078,68.91645812988281,40.32541275024414,35.574180603027344,98.87132263183594,40.35476303100586,188.09901428222656,37.744930267333984,75.4579849243164
2022-05-13,132.70335388183594,150.9744415283203,31.74481201171875,557.1558227539062,108.41219329833984,141.6503143310547,277.5671081542969,33.21781921386719,157.4724884033203,107.62369537353516,324.9268798828125,80.05882263183594,70.62641906738281,39.94927978515625,37.13277816772461,101.12669372558594,40.363067626953125,193.1997833251953,38.49421691894531,77.69635772705078
2022-05-16,134.40647888183594,148.76808166503906,31.41987419128418,542.0075073242188,106.09424591064453,145.9875030517578,274.3573303222656,34.57045364379883,158.56768798828125,106.87361907958984,321.9295959472656,81.75012969970703,70.06521606445312,40.549468994140625,38.4088134765625,100.40528869628906,40.08899688720703,191.82278442382812,38.10603332519531,79.5237808227539
2022-05-17,133.80995178222656,153.92262268066406,32.48495864868164,553.8870239257812,112.08922576904297,146.84820556640625,282.97393798828125,34.855709075927734,159.22662353515625,110.41618347167969,330.8434753417969,82.3522720336914,72.72225189208984,41.08565902709961,39.147098541259766,104.20293426513672,41.235111236572266,197.82540893554688,39.46018600463867,80.5380630493164
2022-05-18,131.77833557128906,148.45425415039062,31.483062744140625,535.9046630859375,106.4852294921875,142.977294921875,277.33203125,33.125797271728516,156.27040100097656,108.52741241455078,327.9535827636719,81.55532836914062,70.75797271728516,40.33340835571289,37.488243103027344,100.58771514892578,40.77831268310547,193.9368133544922,38.0157585144043,79.26148986816406
2022-05-19,131.16452026367188,146.45712280273438,31.09493637084961,537.0094604492188,105.49848175048828,141.95639038085938,278.6612243652344,33.18101119995117,154.88133239746094,106.91879272460938,324.3606262207031,81.54647064208984,70.1178207397461,40.53348159790039,37.233036041259766,99.60929107666016,40.894596099853516,191.39610290527344,37.916446685791016,79.68992614746094
2022-05-20,130.5507049560547,145.73435974121094,30.562389373779297,543.6737060546875,105.8428955078125,142.7731170654297,277.3952941894531,33.76992416381836,157.58824157714844,106.04219055175781,328.2268981933594,82.83932495117188,69.60044860839844,41.98995590209961,37.4791259765625,100.97743225097656,40.86967849731445,193.005859375,37.6185302734375,80.31946563720703
2022-05-23,127.97447967529297,151.25027465820312,32.37664794921875,553.6968994140625,110.5904769897461,146.0910186767578,286.26507568359375,35.26978302001953,160.805419921875,112.6031723022461,340.1871337890625,83.08724975585938,72.1785659790039,42.318077087402344,39.93095016479492,100.58771514892578,42.1486701965332,201.2777099609375,39.55949783325195,82.09442138671875
2022-05-24,128.9081573486328,148.0072784423828,32.178070068359375,559.8903198242188,108.75662231445312,146.87371826171875,283.86004638671875,35.407806396484375,162.56185913085938,114.19371032714844,332.6302490234375,83.80452728271484,71.87163543701172,42.742218017578125,40.01298141479492,99.78341674804688,42.389522552490234,196.4968719482422,39.08102798461914,82.54036712646484
2022-05-25,131.3719940185547,152.64825439453125,32.34956359863281,567.3604125976562,111.912353515625,149.23028564453125,284.7189636230469,35.6838493347168,160.9667205810547,114.9889907836914,336.60394287109375,83.01641845703125,72.1084213256836,42.98228454589844,41.0611572265625,101.98072814941406,42.514095306396484,197.67027282714844,39.830318450927734,84.20165252685547
2022-05-26,130.1703643798828,157.27017211914062,33.098731994628906,590.7573852539062,115.81281280517578,150.2342071533203,292.61224365234375,36.95367431640625,160.82330322265625,116.9771728515625,341.6126403808594,81.74128723144531,74.53746032714844,43.20637130737305,42.55594253540039,105.91105651855469,43.30308532714844,202.23773193359375,41.16643142700195,84.49893951416016
2022-05-27,129.67755126953125,161.29299926757812,33.414642333984375,603.515380859375,117.72115325927734,151.6719207763672,297.08782958984375,38.0578727722168,162.2840576171875,118.6309814453125,349.3159484863281,82.42313385009766,75.80897521972656,43.14234161376953,43.94136428833008,107.70205688476562,43.602073669433594,206.43663024902344,41.4282341003418,85.32958221435547
2022-05-31,127.40385437011719,160.5512237548828,33.57711410522461,605.8242797851562,119.0243911743164,148.59225463867188,297.3334655761719,37.37497329711914,160.8860626220703,119.49853515625,349.40380859375,81.49335479736328,75.53714752197266,42.44611358642578,42.04319763183594,105.38037109375,44.075469970703125,205.7481231689453,41.31990432739258,83.93934631347656
2022-06-01,126.23680114746094,157.64112854003906,33.098731994628906,598.0643920898438,116.32479858398438,150.0045166015625,292.7850036621094,38.20552062988281,159.2550506591797,117.40191650390625,348.6129455566406,80.70524597167969,74.53746032714844,41.909934997558594,42.70183563232422,102.72701263427734,42.97919464111328,203.57594299316406,40.76921081542969,85.54817199707031
2022-06-02,126.86788177490234,160.85557556152344,33.31660461425781,621.5884399414062,117.63735961914062,149.73223876953125,294.9683532714844,37.87330627441406,158.7532196044922,119.29067993164062,354.4905700683594,79.69577026367188,74.71283721923828,42.158023834228516,42.35422134399414,105.38037109375,43.3363151550293,208.54098510742188,40.92268371582031,85.3995361328125
2022-06-03,127.23098754882812,158.6587371826172,32.85361099243164,612.587646484375,115.47766876220703,151.09344482421875,289.9012756347656,38.71308517456055,158.09901428222656,117.62783813476562,349.35498046875,79.6160659790039,73.76577758789062,42.57415771484375,43.424503326416016,103.68885040283203,43.136985778808594,206.213623046875,40.46226501464844,86.64114379882812
2022-06-06,126.67764282226562,158.83935546875,32.81731033325195,615.870361328125,116.99503326416016,150.43838500976562,291.5660400390625,38.13169479370117,158.08106994628906,117.2392578125,351.6201171875,79.55408477783203,74.4234619140625,42.62217330932617,43.19581985473633,103.9127426147461,43.39444351196289,206.49484252929688,40.73310470581055,86.42255401611328
2022-06-07,128.93408203125,160.4276123046875,32.99887466430664,619.7645263671875,119.36881256103516,153.30540466308594,292.4757385253906,39.248329162597656,159.81961059570312,117.5465087890625,355.4082946777344,80.12079620361328,74.82683563232422,43.18235778808594,44.76007843017578,104.5677719116211,43.65191650390625,208.0076141357422,41.049076080322266,90.38343048095703
2022-06-08,129.02914428710938,157.83132934570312,32.5812873840332,604.0790405273438,116.52027893066406,154.09661865234375,286.262451171875,39.654380798339844,158.8697052001953,115.67581176757812,353.75836181640625,79.23529815673828,72.95901489257812,42.79022979736328,45.34553909301758,102.11341094970703,43.05393981933594,207.0378875732422,40.290740966796875,91.45016479492188
2022-06-09,125.72669219970703,153.09523010253906,31.328508377075195,601.7444458007812,111.09314727783203,151.02540588378906,276.7470703125,38.95301818847656,155.6704864501953,113.24480438232422,340.74365234375,77.92474365234375,71.17010498046875,41.43777847290039,44.037418365478516,100.50479125976562,41.79985427856445,199.87156677246094,38.521305084228516,89.47409057617188
2022-06-10,123.79884338378906,146.85650634765625,30.11203384399414,563.2786865234375,104.8003158569336,149.22178649902344,261.1003723144531,37.365745544433594,154.63088989257812,108.03942108154297,326.830810546875,77.1986312866211,67.8729248046875,39.98929977416992,43.186676025390625,95.2312240600586,40.46272277832031,193.47132873535156,36.18312072753906,87.83901977539062
2022-06-13,120.53096008300781,139.12472534179688,29.068056106567383,545.9974975585938,99.61520385742188,142.35623168945312,257.7345275878906,34.6341438293457,153.0715789794922,104.8221664428711,312.17584228515625,75.26822662353516,65.92620086669922,38.34075164794922,40.54296112060547,89.46842193603516,39.08407211303711,186.44081115722656,35.199100494384766,83.80819702148438
2022-06-14,118.97482299804688,137.5175323486328,28.559682846069336,539.1669921875,99.21493530273438,142.5434112548828,257.02490234375,33.840492248535156,150.7237091064453,103.07801055908203,314.51910400390625,75.4378433227539,65.73326873779297,38.348751068115234,39.536705017089844,90.2901611328125,37.97118377685547,187.6626434326172,33.79077911376953,84.02678680419922
2022-06-15,119.38113403320312,139.0581817626953,29.095291137695312,547.0736083984375,100.69505310058594,139.74441528320312,263.8749694824219,32.86228942871094,152.3367919921875,104.29801177978516,317.69219970703125,75.55390930175781,66.66278076171875,38.82091522216797,37.98158264160156,92.2941665649414,38.50271224975586,190.2227325439453,34.458831787109375,82.96879577636719
2022-06-16,120.29753112792969,130.76528930664062,28.913726806640625,534.1878662109375,95.05380249023438,132.2748260498047,259.24456787109375,30.88741111755371,152.41741943359375,102.5086441040039,301.47515869140625,75.78601837158203,64.84759521484375,37.99663162231445,35.200653076171875,88.95692443847656,37.713722229003906,183.32791137695312,33.9893913269043,79.90852355957031
2022-06-17,119.54541778564453,137.11805725097656,28.97727394104004,530.987060546875,99.84793853759766,126.2344970703125,254.5232391357422,29.2447566986084,151.86180114746094,102.14714813232422,303.3399963378906,75.54496002197266,63.92683029174805,37.23638153076172,33.51746368408203,89.45166015625,37.713722229003906,184.2588653564453,34.738685607910156,75.30057525634766
2022-06-21,124.03227233886719,137.66966247558594,29.82154083251953,560.4243774414062,99.10321044921875,131.5176544189453,259.0899353027344,30.96124267578125,155.04315185546875,104.6775894165039,309.8912048339844,78.58927154541016,65.4438705444336,38.50080490112305,35.51167678833008,92.14324951171875,38.4777946472168,188.5063018798828,35.199100494384766,79.9872055053711
2022-06-22,127.568115234375,137.3178253173828,29.594585418701172,555.6275634765625,98.33056640625,125.80062866210938,258.84429931640625,29.6138916015625,157.48965454101562,104.09017181396484,308.6707763671875,79.59807586669922,65.24219512939453,39.2690544128418,34.32246780395508,93.35069274902344,38.618980407714844,187.95355224609375,34.847023010253906,76.82198333740234
2022-06-23,129.20205688476562,134.71202087402344,29.122528076171875,569.6987915039062,97.00869750976562,121.17253875732422,260.3271179199219,27.722076416015625,161.00257873535156,102.95146179199219,309.266357421875,82.1335220336914,64.86512756347656,40.085330963134766,31.998929977416992,96.42800903320312,37.97118377685547,190.68821716308594,34.21508026123047,74.50491333007812
2022-06-24,131.70050048828125,138.9916229248047,29.331323623657227,590.7373657226562,102.48237609863281,123.16329193115234,275.4097900390625,28.561859130859375,163.35943603515625,106.02411651611328,322.6812744140625,83.142333984375,68.24121856689453,41.285728454589844,32.072120666503906,101.8782958984375,39.46610641479492,199.28973388671875,36.79701232910156,75.98258209228516
2022-06-27,132.39212036132812,137.22271728515625,29.367631912231445,580.8336791992188,102.02620697021484,125.54537963867188,273.6177978515625,29.743087768554688,163.20709228515625,105.17461395263672,321.05084228515625,84.2850570678711,67.90801239013672,41.51780319213867,32.83137512207031,101.04817962646484,39.24187088012695,197.39877319335938,36.32757568359375,77.8449935913086
2022-06-28,131.83021545410156,135.2255859375,29.28592872619629,573.720458984375,101.02086639404297,127.56167602539062,272.44427490234375,30.62901496887207,158.56503295898438,104.66854858398438,310.76025390625,82.03531646728516,68.53937530517578,40.54148483276367,33.819339752197266,98.83453369140625,38.94288635253906,192.12344360351562,36.273399353027344,80.00468444824219
2022-06-29,133.2566680908203,132.63876342773438,28.922807693481445,563.5432739257812,98.31195068359375,125.04342651367188,275.8919982910156,29.696949005126953,158.60983276367188,104.19862365722656,314.95843505859375,82.58881378173828,68.5656967163086,40.76555633544922,33.09667205810547,96.84725952148438,38.68287658691406,193.46163940429688,35.849098205566406,77.0493392944336
2022-06-30,132.40943908691406,132.3237762451172,28.26010513305664,555.40869140625,96.9900894165039,123.17179107666016,270.1972961425781,28.94021987915039,159.07582092285156,101.76762390136719,308.01666259765625,81.39251708984375,66.6978530883789,41.95794677734375,32.71246337890625,95.26248168945312,38.5989990234375,190.93063354492188,35.36159896850586,74.88088989257812
2022-07-01,132.96275329589844,134.02291870117188,28.65046501159668,562.3942260742188,99.43834686279297,124.64359283447266,272.20770263671875,29.004819869995117,160.87709045410156,103.06896209716797,310.71136474609375,82.50846862792969,67.30294036865234,41.86191940307617,32.61183547973633,96.68795013427734,39.07707977294922,193.15133666992188,36.03867721557617,76.55094146728516
2022-07-05,133.0751190185547,133.30697631835938,28.359966278076172,566.0599975585938,99.28939056396484,121.36820220947266,270.36102294921875,26.66080665588379,159.64039611816406,102.67692565917969,311.707275390625,82.70486450195312,66.7417221069336,41.32573699951172,30.489553451538086,98.17210388183594,38.968048095703125,194.47015380859375,36.2011833190918,74.15515899658203
2022-07-06,131.8647918701172,131.87513732910156,28.123933792114258,560.6068115234375,98.71223449707031,119.7687759399414,267.2317199707031,26.217845916748047,159.78379821777344,102.01138305664062,312.5956726074219,83.142333984375,66.1629638671875,42.21403503417969,29.94068717956543,97.95408630371094,39.00159454345703,195.03260803222656,35.65951919555664,72.8173828125
2022-07-07,131.4065399169922,134.6243133544922,28.922807693481445,568.7778930664062,101.31874084472656,122.09983825683594,271.63458251953125,27.58364486694336,159.96302795410156,104.59151458740234,316.8884582519531,83.03519439697266,67.51337432861328,42.75020980834961,31.450063705444336,99.7149658203125,39.21966552734375,196.66177368164062,36.21923828125,75.1432113647461
2022-07-08,132.14141845703125,135.32115173339844,28.859264373779297,565.00244140625,101.10464477539062,121.4617691040039,269.69696044921875,27.537508010864258,159.765869140625,104.26329803466797,315.9007568359375,82.82984924316406,67.285400390625,42.550148010253906,31.395183563232422,97.23296356201172,39.026756286621094,197.40843200683594,36.273399353027344,75.26561737060547
2022-07-11,132.46994018554688,134.19473266601562,28.559682846069336,551.7245483398438,99.76414489746094,120.38983154296875,266.7041320800781,27.094541549682617,159.82858276367188,102.89572143554688,317.00579833984375,84.18684387207031,66.4874038696289,42.326072692871094,30.526142120361328,94.83485412597656,38.87578201293945,198.8533477783203,35.921321868896484,74.88088989257812
2022-07-12,131.80429077148438,132.8583526611328,28.468902587890625,550.1650390625,99.64313507080078,118.18637084960938,266.11279296875,26.3931884765625,157.58824157714844,102.99601745605469,315.70526123046875,83.56190490722656,66.59264373779297,41.64584732055664,29.94068717956543,95.39663696289062,38.74998092651367,198.62063598632812,35.74980163574219,73.88412475585938
2022-07-13,131.5362548828125,133.06834411621094,27.996843338012695,543.863525390625,98.23748016357422,117.39517974853516,263.9476623535156,26.116334915161133,157.22079467773438,102.02960968017578,316.2039794921875,83.71367645263672,65.75079345703125,41.44578552246094,29.538185119628906,93.51840209960938,38.01188278198242,197.97085571289062,35.27131652832031,74.18141174316406
2022-07-14,131.27450561523438,130.28094482421875,27.352294921875,536.7959594726562,96.30121612548828,115.65113067626953,256.1607360839844,25.23041534423828,157.4358367919922,98.46482849121094,317.8271789550781,83.8118896484375,65.49649810791016,41.125675201416016,28.659996032714844,93.60224914550781,37.11442184448242,199.67762756347656,34.97341537475586,72.6949691772461
2022-07-15,134.04933166503906,136.00843811035156,29.276851654052734,547.5021362304688,100.67642211914062,117.10592651367188,267.3316955566406,25.710283279418945,159.72103881835938,102.97779846191406,325.2000427246094,84.77606201171875,68.44292449951172,41.41376876831055,29.54732894897461,96.74663543701172,39.0603141784668,203.6826171875,37.13103485107422,73.91908264160156
2022-07-18,130.51531982421875,135.86526489257812,29.28592872619629,544.9122924804688,102.85470581054688,118.74787902832031,274.05438232421875,26.6238956451416,156.1364288330078,101.92021179199219,323.67462158203125,82.43702697753906,69.15320587158203,40.613502502441406,30.30660057067871,95.32957458496094,39.15256881713867,200.9382781982422,37.185203552246094,75.28309631347656
2022-07-19,130.66368103027344,141.0677032470703,30.275440216064453,573.0091552734375,105.20988464355469,123.0271987915039,289.32818603515625,27.186826705932617,153.8602294921875,104.44562530517578,332.83697509765625,82.45490264892578,71.59980773925781,41.10967254638672,31.303709030151367,99.8239517211914,39.80678176879883,207.19308471679688,38.728946685791016,77.18047332763672
2022-07-20,128.87484741210938,142.1654815673828,30.284517288208008,578.8366088867188,106.82965087890625,124.6521224975586,292.421142578125,27.002256393432617,152.98199462890625,104.42740631103516,333.7071228027344,80.0355453491211,71.74009704589844,40.669517517089844,31.23052406311035,101.54288482666016,39.46289825439453,206.91183471679688,38.56644058227539,78.02861022949219
2022-07-21,128.92715454101562,143.3587188720703,30.54778480529785,583.01318359375,106.37350463867188,123.69926452636719,297.0514221191406,25.96868324279785,153.5196990966797,105.13854217529297,339.2320556640625,80.47298431396484,72.80117797851562,40.90960693359375,30.763980865478516,102.86772918701172,39.93260192871094,209.64646911621094,39.071998596191406,76.72581481933594
2022-07-22,129.55545043945312,146.06015014648438,30.348064422607422,577.842529296875,101.40251922607422,122.66985321044922,294.6771240234375,25.341148376464844,154.2455596923828,104.62799072265625,336.25946044921875,80.44619750976562,72.28379821777344,40.99763488769531,32.08126449584961,101.526123046875,40.016475677490234,207.2318572998047,38.97269058227539,76.13996887207031
2022-07-25,131.08248901367188,146.80474853515625,30.620410919189453,580.1314697265625,103.2643051147461,126.31959533691406,294.8499450683594,26.22707748413086,154.55026245117188,105.04737854003906,336.5820617675781,80.82115936279297,72.3890151977539,41.429771423339844,33.08751678466797,100.81339263916016,40.3016471862793,207.78457641601562,39.27061080932617,78.6756591796875
2022-07-26,131.64967346191406,143.0246124267578,30.003097534179688,568.0846557617188,99.0101318359375,125.33271789550781,289.7829895019531,25.87639617919922,155.64353942871094,103.40628814697266,333.7170715332031,81.49966430664062,70.84564208984375,41.85391616821289,32.566097259521484,98.21401977539062,39.77323532104492,206.05845642089844,38.728946685791016,78.36962127685547
2022-07-27,131.89401245117188,144.7428436279297,30.493324279785156,586.6701049804688,101.41183471679688,126.98314666748047,295.2320861816406,26.66080665588379,155.21337890625,105.06561279296875,335.66290283203125,81.44609069824219,72.35392761230469,41.573822021484375,33.233890533447266,100.98947143554688,40.43585205078125,204.09959411621094,39.46018600463867,80.06588745117188
2022-07-28,130.6724090576172,145.2296905517578,30.248214721679688,601.863037109375,100.2668228149414,127.94452667236328,299.389404296875,26.430099487304688,156.1095733642578,104.67356872558594,344.6395263671875,80.29444885253906,73.42950439453125,40.90445327758789,32.66671371459961,101.27458953857422,38.68287658691406,204.95297241210938,39.10811233520508,81.00145721435547
2022-07-29,125.22734832763672,147.02430725097656,30.693031311035156,610.2529296875,102.24034118652344,139.33604431152344,303.2828674316406,27.039173126220703,156.3963165283203,105.17501831054688,345.9497985839844,79.7587890625,74.62454986572266,40.73508071899414,33.87422561645508,103.5301513671875,39.58871841430664,205.68995666503906,39.604637145996094,84.75250244140625
2022-08-01,122.3564682006836,146.3656463623047,30.60225486755371,612.2682495117188,102.14723205566406,136.55410766601562,302.0911865234375,26.01482391357422,155.8496551513672,104.12653350830078,342.7718505859375,79.03565979003906,74.43863677978516,40.81573486328125,33.29791259765625,103.48822784423828,39.84872817993164,204.96267700195312,39.306724548339844,82.61029815673828
2022-08-02,122.50482177734375,144.71424865722656,29.994022369384766,607.498779296875,99.55005645751953,135.3885955810547,298.27044677734375,26.3931884765625,154.96249389648438,102.5036849975586,341.2757568359375,78.21431732177734,73.94291687011719,40.07377243041992,33.56320571899414,102.83419799804688,39.36225509643555,200.01702880859375,38.71089172363281,82.25180053710938
2022-08-03,123.21163177490234,148.37026977539062,30.53870964050293,629.73193359375,101.5235366821289,132.17274475097656,303.082763671875,26.236305236816406,156.45907592773438,103.57951354980469,346.28228759765625,78.2232437133789,75.2884750366211,40.210872650146484,32.51121520996094,106.24689483642578,39.974544525146484,202.16983032226562,39.622684478759766,79.58499908447266
2022-08-04,121.22210693359375,149.7447967529297,30.320837020874023,634.7202758789062,99.50350189208984,128.58258056640625,301.900146484375,25.165807723999023,153.9498291015625,102.43987274169922,348.17919921875,77.509033203125,75.56288146972656,40.210872650146484,31.05671501159668,104.9639892578125,39.47968292236328,207.00880432128906,38.877323150634766,76.23616027832031
2022-08-05,120.45419311523438,150.3557891845703,30.829200744628906,634.6472778320312,99.54094696044922,130.70945739746094,304.447265625,25.645689010620117,153.3404541015625,105.5396957397461,349.58740234375,78.0357666015625,76.2445068359375,39.73506546020508,31.706205368041992,104.84658813476562,39.74807357788086,209.33612060546875,39.77721405029297,77.33783721923828
2022-08-08,122.46116638183594,150.13623046875,30.402536392211914,634.9573974609375,100.9358139038086,130.51376342773438,304.45635986328125,25.83948516845703,152.52493286132812,104.25418090820312,344.35589599609375,78.99995422363281,76.15599060058594,39.97699737548828,31.697052001953125,107.1357192993164,39.37903594970703,206.86334228515625,39.25909423828125,77.77505493164062
2022-08-09,122.38267517089844,151.58717346191406,30.792892456054688,635.1763305664062,99.58773803710938,132.21527099609375,306.22119140625,26.12556266784668,152.50701904296875,105.19325256347656,338.8604431152344,79.91948699951172,76.4481201171875,40.14635467529297,32.00808334350586,104.5363540649414,39.57194137573242,203.89596557617188,39.449981689453125,79.2090072631836
2022-08-10,122.9847412109375,155.06185913085938,31.836875915527344,661.3489379882812,105.54167938232422,132.56405639648438,316.4916687011719,26.217845916748047,152.94613647460938,107.9375,345.54888916015625,79.62488555908203,78.68772888183594,40.28346252441406,31.944047927856445,108.89656829833984,40.15066909790039,205.6802520751953,40.29534149169922,79.96097564697266
2022-08-11,123.97954559326172,155.5868377685547,32.59944534301758,664.4859619140625,107.91012573242188,135.7969512939453,319.921142578125,27.288341522216797,149.78274536132812,109.53299713134766,342.8109130859375,79.39274597167969,79.84736633300781,38.94471740722656,33.746158599853516,108.59471893310547,40.628761291503906,205.05372619628906,41.13161087036133,82.27407836914062
2022-08-12,124.43327331542969,158.30740356445312,32.953487396240234,685.624755859375,108.3501205444336,135.9926300048828,321.86785888671875,27.269886016845703,148.13381958007812,111.34729766845703,346.4191589355469,81.25862121582031,81.13981628417969,40.412498474121094,33.974853515625,110.90058135986328,40.90555191040039,205.29652404785156,41.75880432128906,82.98920440673828
2022-08-15,124.16273498535156,157.88742065429688,32.90810012817383,689.263427734375,106.40293884277344,133.4063262939453,323.714599609375,26.27322006225586,148.84178161621094,111.6481704711914,351.97332763671875,80.88365173339844,81.45848083496094,40.122161865234375,32.71246337890625,110.7580337524414,41.165557861328125,210.2412567138672,41.58609390258789,81.50597381591797
2022-08-16,124.38965606689453,157.83970642089844,33.26213455200195,690.4033813476562,108.0879898071289,133.0660400390625,322.9140930175781,26.033281326293945,150.16807556152344,112.71485900878906,351.28875732421875,80.87471771240234,81.28144836425781,40.210872650146484,32.54780578613281,110.79997253417969,41.350074768066406,210.94068908691406,41.86788558959961,80.74671173095703
2022-08-17,123.42103576660156,156.45553588867188,33.053340911865234,677.7730102539062,106.35612487792969,134.16346740722656,321.7950744628906,26.02405548095703,150.17703247070312,111.76667785644531,347.4556579589844,81.27645874023438,80.8653793334961,39.73506546020508,32.38312911987305,109.32421112060547,41.123619079589844,208.39549255371094,41.94060134887695,81.40003967285156
2022-08-18,123.29013061523438,157.17149353027344,32.935325622558594,679.5969848632812,106.58080291748047,136.5157470703125,322.50469970703125,27.52828025817871,149.45114135742188,110.90055847167969,349.44061279296875,81.5978775024414,81.20176696777344,39.178585052490234,33.96571350097656,110.48973846435547,41.10683822631836,209.10462951660156,41.94060134887695,83.32469177246094
2022-08-19,123.7788314819336,154.87095642089844,32.20907974243164,650.9893188476562,105.04551696777344,135.3739471435547,317.7287902832031,27.12222671508789,151.72738647460938,108.15631103515625,346.4289245605469,82.20494079589844,79.67918395996094,39.638282775878906,33.9565544128418,106.00373077392578,40.77134323120117,206.7440185546875,41.22250747680664,83.059814453125
2022-08-22,122.46116638183594,150.5371551513672,31.51913833618164,633.8448486328125,102.04048156738281,134.6957244873047,311.4974365234375,26.93766212463379,151.19509887695312,106.3693618774414,337.8533020019531,81.38359069824219,78.30709075927734,39.43666076660156,33.77360534667969,103.78168487548828,39.92420959472656,202.65415954589844,40.36806106567383,82.9980239868164
2022-08-23,121.30935668945312,150.1839599609375,31.23772430419922,635.5957641601562,102.79874420166016,139.06539916992188,309.45965576171875,28.81102180480957,149.8779296875,105.32088470458984,333.3357238769531,80.52651977539062,78.16545867919922,38.71888732910156,36.00565719604492,104.35187530517578,39.76485061645508,200.8958740234375,40.33169937133789,86.52066040039062
2022-08-24,120.34078216552734,151.90216064453125,31.33757781982422,638.7418823242188,103.31365203857422,140.0956268310547,311.0606994628906,29.217073440551758,149.38174438476562,105.57616424560547,332.1817626953125,80.35693359375,78.43102264404297,38.25114059448242,36.50878143310547,104.66211700439453,39.58032989501953,200.76959228515625,40.57712173461914,87.03269958496094
2022-08-25,121.57986450195312,154.8613739013672,31.90042495727539,648.0255126953125,106.40293884277344,141.3232421875,315.1998291015625,29.410871505737305,150.78012084960938,108.0833740234375,337.0319519042969,80.58902740478516,79.59066772460938,38.630184173583984,36.74663543701172,105.97856903076172,40.05841064453125,203.8296661376953,41.25886535644531,87.48296356201172
2022-08-26,118.9795150756836,150.1648406982422,30.89274787902832,616.87353515625,102.80810546875,140.28448486328125,306.0210266113281,28.70028305053711,148.19989013671875,104.54592895507812,324.6036071777344,79.68737030029297,76.8464584350586,37.75919723510742,36.06055450439453,100.35221862792969,38.99321365356445,197.0975341796875,39.96810531616211,86.40586853027344
2022-08-29,118.42103576660156,147.52066040039062,30.774734497070312,616.3720092773438,100.35539245605469,141.331787109375,303.7650146484375,29.438556671142578,147.0541229248047,104.2906494140625,322.0513916015625,78.19646453857422,75.55403137207031,37.28337478637695,36.938743591308594,99.79041290283203,38.66609573364258,196.55349731445312,39.92266082763672,88.392333984375
2022-08-30,118.28141784667969,147.63522338867188,30.94722557067871,613.4810791015625,100.00902557373047,137.88929748535156,303.501220703125,28.00815773010254,146.53985595703125,104.30889129638672,320.5455017089844,77.5625991821289,74.73961639404297,36.97691345214844,35.383609771728516,100.14258575439453,38.506736755371094,195.63063049316406,40.12263870239258,85.02860260009766
2022-08-31,117.33027648925781,145.09605407714844,30.511470794677734,607.7086181640625,99.06350708007812,135.69158935546875,304.9127197265625,27.805131912231445,145.55653381347656,103.68890380859375,317.1816711425781,76.20561218261719,75.43895721435547,36.476898193359375,34.89878463745117,100.62055206298828,38.25510787963867,193.03683471679688,39.73176574707031,84.3929443359375
2022-09-01,120.81198120117188,144.24649047851562,30.584575653076172,606.30419921875,98.11800384521484,133.52821350097656,305.6734619140625,26.706947326660156,149.16522216796875,104.40005493164062,318.0422058105469,77.80364227294922,76.27991485595703,37.605960845947266,33.709571838378906,99.78204345703125,38.47318649291992,194.4163360595703,39.72267532348633,82.8744125366211
2022-09-02,118.9184341430664,142.98638916015625,30.548025131225586,600.112060546875,97.56566619873047,135.5113067626953,303.822021484375,27.69438934326172,146.81956481933594,103.67068481445312,315.411865234375,76.98230743408203,76.48351287841797,36.8559455871582,34.825599670410156,99.22860717773438,38.20478439331055,192.11398315429688,39.431800842285156,84.3929443359375
2022-09-06,120.06153869628906,141.85049438476562,30.209928512573242,607.8755493164062,95.64655303955078,134.88461303710938,299.24835205078125,27.3515682220459,147.21653747558594,103.69802856445312,316.8981018066406,77.15193939208984,75.35928344726562,36.90433120727539,34.33393096923828,99.49695587158203,38.01188278198242,192.9688720703125,38.97731399536133,83.82791137695312
2022-09-07,121.03884887695312,145.33468627929688,30.67595672607422,619.442626953125,98.19288635253906,133.15908813476562,302.978759765625,26.573272705078125,148.01947021484375,105.6673355102539,321.3375244140625,77.55368041992188,76.8907241821289,37.202720642089844,34.05823516845703,101.6854248046875,38.506736755371094,194.69801330566406,39.849937438964844,83.11279296875
2022-09-08,122.61827087402344,146.54701232910156,31.662853240966797,635.7045288085938,99.6439208984375,133.88018798828125,307.39654541015625,26.323101043701172,149.21031188964844,108.12895202636719,322.75543212890625,78.04469299316406,78.28938293457031,37.968875885009766,35.07831954956055,102.05435943603516,39.46289825439453,194.979736328125,41.113426208496094,83.79261016845703
2022-09-09,123.40357208251953,151.24354553222656,31.927846908569336,638.95703125,101.40388488769531,137.33128356933594,311.7227478027344,27.48128890991211,149.4990234375,108.64862823486328,328.4073181152344,77.9732666015625,79.19231414794922,38.58179473876953,36.43845748901367,104.30155944824219,39.907440185546875,199.341552734375,41.20432662963867,85.19635772705078
2022-09-12,124.1191177368164,155.0714111328125,32.229393005371094,640.197265625,102.780029296875,139.5032501220703,313.9958190917969,28.05573844909668,149.43588256835938,109.93415832519531,330.92041015625,78.70533752441406,79.80310821533203,38.51727294921875,36.89794921875,104.76277160644531,39.89066696166992,200.73072814941406,41.3861083984375,86.17632293701172
2022-09-13,120.88176727294922,148.2938995361328,31.06888771057129,592.5139770507812,94.58870697021484,136.85057067871094,300.9897766113281,27.008747100830078,145.54751586914062,106.11407470703125,318.22802734375,77.02694702148438,77.05892181396484,37.25111389160156,35.354026794433594,97.41744232177734,37.89445495605469,193.96945190429688,39.28636169433594,84.16341400146484
2022-09-14,121.77184295654297,149.20071411132812,30.950088500976562,591.2921142578125,94.22361755371094,140.1642608642578,299.9540710449219,28.166927337646484,148.5517578125,105.867919921875,318.62896728515625,78.25088500976562,77.17400360107422,37.21885681152344,36.98065948486328,96.9429931640625,37.82735824584961,193.7168731689453,39.340904235839844,86.22930145263672
2022-09-15,124.354736328125,149.03843688964844,31.534921646118164,580.96533203125,96.208251953125,137.88929748535156,303.9503479003906,27.24038314819336,148.93067932128906,107.4634017944336,309.9359436035156,78.07088470458984,78.13005065917969,37.04948806762695,36.42007064819336,94.96041107177734,38.47318649291992,189.7921905517578,40.12263870239258,83.72198486328125
2022-09-16,125.7072525024414,146.12701416015625,31.178544998168945,575.8201293945312,95.18783569335938,134.30946350097656,298.99169921875,26.119264602661133,151.20411682128906,106.74315643310547,308.1465148925781,78.94384765625,77.39530944824219,37.12208938598633,35.26212692260742,93.30825805664062,38.47318649291992,187.78126525878906,39.940834045410156,82.29173278808594
2022-09-19,124.48565673828125,148.30343627929688,31.699405670166016,583.1610717773438,95.93675994873047,134.6957244873047,301.2372131347656,26.286048889160156,150.0132598876953,107.7278060913086,307.07086181640625,77.97188568115234,78.53724670410156,36.6462516784668,35.81352233886719,96.51937103271484,38.708045959472656,187.61618041992188,40.286251068115234,82.28289794921875
2022-09-20,123.70902252197266,146.5088348388672,31.224231719970703,571.7501831054688,94.89763641357422,134.1634521484375,296.287841796875,25.591136932373047,148.8314208984375,105.60353088378906,306.32769775390625,77.39592742919922,77.182861328125,36.105918884277344,35.381591796875,94.71471405029297,37.7350959777832,186.58645629882812,39.459075927734375,81.61193084716797
2022-09-21,122.43500518798828,141.95545959472656,30.29216766357422,558.685546875,93.1376724243164,133.07322692871094,293.95062255859375,25.090801239013672,147.30677795410156,102.55839538574219,297.7520446777344,76.072998046875,76.4481201171875,35.420413970947266,34.5361213684082,93.240478515625,36.84602355957031,181.6805877685547,38.42283630371094,80.29646301269531
2022-09-22,124.79103088378906,136.53347778320312,29.698198318481445,551.7120971679688,89.37433624267578,132.9701690673828,286.810546875,24.942554473876953,149.92303466796875,101.39141082763672,291.7480773925781,78.75486755371094,75.04060363769531,35.94462203979492,35.13347244262695,91.25789642333984,36.091148376464844,180.48568725585938,37.741092681884766,79.96097564697266
2022-09-23,124.83467864990234,133.8892822265625,28.994585037231445,543.3422241210938,87.79224395751953,124.28235626220703,276.7742004394531,22.774442672729492,150.41018676757812,99.50415802001953,287.0741271972656,78.09788513183594,72.15478515625,35.5494499206543,32.16508483886719,90.93595123291016,35.3278923034668,178.70794677734375,36.732120513916016,75.70557403564453
2022-09-26,123.2203598022461,131.2069091796875,28.354928970336914,537.149658203125,85.4706039428711,121.0115737915039,270.0375061035156,21.597732543945312,149.48997497558594,97.36164093017578,283.68096923828125,77.55791473388672,70.60562896728516,35.34783172607422,31.117429733276367,91.06302642822266,34.43882751464844,175.4341583251953,36.36852264404297,74.14289855957031
2022-09-27,123.66537475585938,131.24514770507812,27.93458366394043,531.5912475585938,85.55484771728516,121.06306457519531,267.06787109375,22.014677047729492,148.80435180664062,96.50464630126953,280.1313781738281,77.25193786621094,70.3577651977539,35.557518005371094,31.227703094482422,90.45301055908203,34.354949951171875,172.79180908203125,36.38669204711914,75.69672393798828
2022-09-28,126.17848205566406,134.1756591796875,28.3914794921875,537.8663940429688,88.97179412841797,125.14942932128906,275.69268798828125,22.92268943786621,150.08541870117188,98.45568084716797,283.7493896484375,78.09788513183594,72.11936950683594,35.83171463012695,32.5694465637207,92.88462829589844,34.74076843261719,174.0644073486328,37.095703125,78.4512710571289
2022-09-29,124.5379867553711,131.531494140625,28.016826629638672,518.10400390625,87.69863891601562,124.28235626220703,271.4031066894531,22.830036163330078,148.4344482421875,96.78728485107422,280.41497802734375,77.97188568115234,70.69414520263672,35.61396026611328,33.056514739990234,90.98677062988281,34.56257629394531,174.91928100585938,36.81391906738281,78.29237365722656
2022-09-30,117.11213684082031,128.7823028564453,27.59648323059082,505.5721740722656,86.28504180908203,123.33805847167969,268.5984802246094,22.811506271362305,147.37892150878906,95.2738265991211,278.038818359375,77.50393676757812,69.94171142578125,35.29137420654297,32.9921875,88.97030639648438,34.21466064453125,172.57810974121094,36.55940628051758,77.08282470703125
2022-10-03,120.69855499267578,133.66018676757812,28.409753799438477,526.18896484375,89.46797180175781,130.2574005126953,274.1895446777344,24.442216873168945,147.2345733642578,98.21866607666016,284.0428161621094,78.79085540771484,71.15445709228516,35.59783172607422,35.197784423828125,92.1136245727539,35.27538299560547,176.4639129638672,37.79563903808594,81.15284729003906
2022-10-04,123.90101623535156,138.8531036376953,29.588550567626953,543.2595825195312,93.49341583251953,135.32249450683594,288.597900390625,26.05440902709961,149.41781616210938,102.81367492675781,294.5936584472656,79.54680633544922,74.3324203491211,35.85591125488281,35.951377868652344,95.96016693115234,36.17487335205078,180.34971618652344,39.57724380493164,84.11044311523438
2022-10-05,125.07028198242188,137.81260681152344,29.16819953918457,535.7717895507812,92.622802734375,136.0950927734375,283.2176818847656,27.092132568359375,148.9577178955078,101.54426574707031,297.4587097167969,79.54680633544922,73.57113647460938,35.58171463012695,38.20293045043945,94.50289916992188,35.80998229980469,182.31204223632812,39.3681755065918,87.50945281982422
2022-10-06,122.41756439208984,135.9129638671875,28.74785804748535,525.1692504882812,90.55389404296875,138.57608032226562,279.24896240234375,27.62026596069336,146.07077026367188,99.47456359863281,293.0709533691406,78.69185638427734,71.97772216796875,34.75104522705078,39.04841232299805,93.97759246826172,34.859580993652344,180.2914276123047,38.39555740356445,90.10506439208984
2022-10-07,121.08245849609375,132.68653869628906,28.09906768798828,505.6824645996094,87.87649536132812,137.3828125,275.9585266113281,28.176193237304688,144.52804565429688,97.48763275146484,288.89862060546875,78.8358383178711,69.87088012695312,34.13005828857422,39.14031982421875,89.97855377197266,34.11282730102539,178.58164978027344,37.98651885986328,89.19573974609375
2022-10-10,120.6898193359375,131.26419067382812,28.016826629638672,501.21728515625,87.1088638305664,134.90176391601562,275.4635925292969,27.379365921020508,144.71749877929688,96.57695770263672,285.7742614746094,81.42772674560547,69.41056823730469,33.67036437988281,38.71757507324219,89.71589660644531,33.79885482788086,176.97874450683594,37.67746353149414,87.26226043701172
2022-10-11,123.48211669921875,131.11146545410156,27.20355224609375,487.98724365234375,87.77352905273438,134.92755126953125,269.6617126464844,27.38863182067871,146.810546875,93.78975677490234,280.1622009277344,81.9406967163086,68.1623764038086,33.807464599609375,38.377540588378906,87.58927917480469,32.91633987426758,174.02557373046875,36.5684928894043,86.52066040039062
2022-10-12,122.14704132080078,130.52919006347656,27.285795211791992,487.95050048828125,87.52075958251953,135.33103942871094,270.66998291015625,27.611000061035156,146.77444458007812,95.30755615234375,277.54718017578125,81.37371063232422,67.80828857421875,33.89617156982422,38.61648178100586,83.09034729003906,33.18787384033203,173.15127563476562,36.8230094909668,86.90028381347656
2022-10-13,125.98150634765625,135.63650512695312,28.958030700683594,520.0426635742188,91.57429504394531,141.8898162841797,281.4487609863281,28.824769973754883,148.9937744140625,100.60601806640625,287.909423828125,83.23663330078125,70.21611022949219,34.662330627441406,40.610713958740234,86.38616943359375,35.10566329956055,179.38796997070312,38.52281951904297,89.93734741210938
2022-10-14,125.99915313720703,131.0945587158203,28.9671688079834,506.1878356933594,89.29944610595703,137.4772491455078,274.95947265625,27.249649047851562,148.37130737304688,102.28015899658203,282.74786376953125,82.9576416015625,66.65753173828125,34.565547943115234,38.745140075683594,83.293701171875,36.28519058227539,177.40621948242188,39.240909576416016,87.57125854492188
2022-10-17,127.29489135742188,135.626953125,30.721647262573242,523.0009765625,91.24665069580078,138.48162841796875,281.1187438964844,27.787044525146484,150.29293823242188,106.57595825195312,288.9671630859375,84.70355224609375,68.2863540649414,35.20266342163086,39.38844299316406,87.09788513183594,36.1833610534668,179.9611358642578,39.959014892578125,88.83377075195312
2022-10-18,127.46238708496094,139.8910369873047,31.873023986816406,533.8516235351562,93.23126983642578,139.69210815429688,287.6629943847656,28.22252082824707,149.7696533203125,109.31715393066406,294.1972351074219,85.14451599121094,70.32234191894531,35.557518005371094,39.84794616699219,88.21625518798828,36.31913757324219,181.82630920410156,40.60439682006836,88.99266815185547
2022-10-19,126.16663360595703,137.95541381835938,30.995784759521484,530.9482421875,89.14966583251953,144.22491455078125,285.74737548828125,29.61233139038086,148.57879638671875,107.17385864257812,291.6311950683594,83.9295883178711,68.72895050048828,34.76716613769531,41.78703689575195,85.69989013671875,35.0123176574707,181.08802795410156,39.64994812011719,91.6324234008789
2022-10-20,125.99032592773438,136.47018432617188,30.794748306274414,525.8583374023438,88.91563415527344,145.0490264892578,284.8765869140625,29.33437156677246,148.9577178955078,106.82430267333984,290.1816711425781,83.64161682128906,67.80828857421875,34.60587692260742,41.98922348022461,84.48834228515625,33.951602935791016,181.8748779296875,39.6772346496582,91.75601196289062
2022-10-21,129.63084411621094,134.18959045410156,31.93698501586914,548.7353515625,90.10454559326172,148.68040466308594,297.9743347167969,31.391300201416016,152.20555114746094,112.43550872802734,296.14630126953125,86.09848022460938,70.12759399414062,36.2510871887207,46.326904296875,86.86064147949219,34.37588882446289,184.93495178222656,40.74983596801758,93.45995330810547
2022-10-24,133.0069580078125,135.71311950683594,32.04663848876953,561.7632446289062,91.33090209960938,148.62890625,301.2740478515625,32.039878845214844,154.2534637451172,112.573486328125,299.3098449707031,87.62838745117188,70.31348419189453,36.72691345214844,47.92597198486328,88.45348358154297,34.902008056640625,185.2652130126953,41.086158752441406,94.11328125
2022-10-25,132.06375122070312,140.87799072265625,32.33905792236328,584.2728881835938,95.09423828125,150.1741943359375,304.6651916503906,32.41050338745117,154.00990295410156,112.86785125732422,305.000244140625,87.93437957763672,71.26954650878906,36.767234802246094,48.220062255859375,92.08820343017578,35.64875793457031,188.83045959472656,41.240684509277344,93.47763061523438
2022-10-26,134.43492126464844,140.7438507080078,32.62232971191406,585.9815673828125,95.41251373291016,152.0285186767578,307.6807556152344,33.80031204223633,155.3631591796875,114.16484832763672,312.93353271484375,88.56434631347656,71.62362670898438,37.14627456665039,47.953548431396484,92.41017150878906,35.97121810913086,197.52496337890625,41.5406494140625,94.59001159667969
2022-10-27,135.30755615234375,140.83006286621094,32.777679443359375,596.2533569335938,95.6091079711914,152.72386169433594,309.04632568359375,33.605743408203125,155.453369140625,114.61559295654297,312.79638671875,89.76127624511719,71.42887115478516,36.88820266723633,47.49404525756836,90.35134887695312,35.70815658569336,198.45748901367188,41.495201110839844,94.95199584960938
2022-10-28,130.11566162109375,144.1551055908203,33.06095504760742,609.8233032226562,100.26178741455078,154.50949096679688,313.29925537109375,33.30924606323242,157.76290893554688,115.97701263427734,322.6884765625,90.688232421875,73.48910522460938,38.25114059448242,46.363670349121094,92.04585266113281,36.37004852294922,203.36334228515625,42.131492614746094,97.73301696777344
2022-10-31,129.04905700683594,142.2482452392578,32.93301773071289,593.4327392578125,99.250732421875,155.29930114746094,315.7647705078125,33.74471664428711,156.95095825195312,115.79300689697266,321.425048828125,91.07521057128906,73.44442749023438,37.54145050048828,47.815696716308594,89.94464874267578,36.022132873535156,201.24559020996094,41.80426788330078,97.83013153076172
2022-11-01,129.49862670898438,140.9355010986328,33.07921600341797,599.0278930664062,99.99028778076172,156.43252563476562,319.49517822265625,33.818843841552734,156.15704345703125,117.881103515625,326.3319091796875,89.7792739868164,74.82982635498047,38.71888732910156,47.37458038330078,90.39371490478516,36.38701629638672,201.02220153808594,42.676876068115234,98.80128479003906
2022-11-02,127.39189910888672,137.50503540039062,32.97871017456055,586.9096069335938,96.62015533447266,153.23895263671875,320.6042175292969,33.16099548339844,153.75729370117188,116.79566192626953,313.2372131347656,89.45529174804688,75.41081237792969,37.9608154296875,46.99778366088867,88.67377471923828,35.42811584472656,195.21287536621094,42.61325454711914,96.77069854736328
2022-11-03,127.3037338256836,133.49008178710938,32.795963287353516,582.31591796875,92.51043701171875,155.49676513671875,319.7610168457031,34.15239334106445,154.0189208984375,117.00726318359375,302.8063659667969,88.87032318115234,74.7404556274414,37.879478454589844,47.60432434082031,85.75920867919922,35.215980529785156,189.1898956298828,41.66181945800781,98.08616638183594
2022-11-04,128.06178283691406,138.67405700683594,33.61836242675781,602.8408203125,95.98355102539062,157.4626922607422,328.0467529296875,35.65340042114258,154.7045440673828,120.20838165283203,311.8169860839844,89.2752914428711,75.83982849121094,38.40817642211914,48.79902648925781,87.123291015625,36.3445930480957,191.3562469482422,42.75963592529297,99.1544189453125
2022-11-07,130.5475616455078,140.83966064453125,33.819393157958984,621.3535766601562,98.0524673461914,159.34274291992188,332.3087463378906,36.635536193847656,156.0578155517578,120.84310150146484,318.4378662109375,90.0582504272461,76.48338317871094,38.302433013916016,50.37051773071289,88.76696014404297,36.93859100341797,194.38717651367188,43.061527252197266,100.32864379882812
2022-11-08,130.92660522460938,143.9251251220703,33.91077423095703,630.5687866210938,98.8013916015625,159.1109619140625,333.64691162109375,36.47801971435547,156.83367919921875,120.91667175292969,319.04510498046875,91.34519958496094,76.22418212890625,38.513916015625,50.26024627685547,92.4271011352539,37.48168182373047,196.01919555664062,43.16215515136719,100.64646911621094
2022-11-09,130.12448120117188,139.7664031982422,33.37163543701172,615.2164306640625,94.99125671386719,152.7496337890625,331.7955017089844,34.1060676574707,155.57968139648438,119.3437271118164,309.1431884765625,91.42618560791016,74.58849334716797,38.00148391723633,48.77146530151367,90.75802612304688,36.6925048828125,188.81439208984375,42.05520248413086,96.14388275146484
2022-11-10,131.9755859375,148.2850341796875,34.84284210205078,698.078857421875,106.8098373413086,155.64271545410156,346.7445983886719,35.032615661621094,157.40206909179688,124.25581359863281,330.3279724121094,91.69618225097656,79.37037658691406,38.5383186340332,48.79902648925781,105.61042022705078,38.075687408447266,200.14735412597656,43.866580963134766,97.55644226074219
2022-11-11,132.3634490966797,148.419189453125,35.098697662353516,711.80517578125,109.47489166259766,160.07249450683594,353.0322570800781,35.8942985534668,152.6927032470703,124.45819854736328,332.306396484375,88.15935516357422,81.14012145996094,38.71725845336914,50.37971496582031,112.97306060791016,38.11811447143555,199.59237670898438,43.50065231323242,100.60232543945312
2022-11-14,133.75619506835938,147.6909637451172,34.504737854003906,680.9348754882812,105.06765747070312,160.14974975585938,350.4566345214844,35.254981994628906,155.0924835205078,123.17952728271484,332.38470458984375,90.31024932861328,80.27313995361328,40.05121612548828,49.69046401977539,106.33058166503906,37.21013641357422,201.4033203125,42.878562927246094,100.89601135253906
2022-11-15,134.902099609375,147.46096801757812,34.449913024902344,680.1631469726562,97.52448272705078,161.4374542236328,350.9333190917969,36.05181884765625,155.5255126953125,122.28731536865234,336.43951416015625,89.63528442382812,80.88987731933594,39.50625228881836,50.241859436035156,107.05075073242188,37.14225387573242,204.4507598876953,42.732181549072266,101.5723876953125
2022-11-16,133.8707733154297,146.19610595703125,34.13923263549805,667.962158203125,95.82937622070312,158.81051635742188,350.42919921875,35.069679260253906,156.4908447265625,122.4528579711914,335.7049560546875,89.93226623535156,80.2820816040039,39.083290100097656,48.697940826416016,104.94955444335938,36.42945098876953,204.5968017578125,42.27475357055664,100.48664093017578
2022-11-17,134.12640380859375,144.34674072265625,33.96560287475586,662.706787109375,93.64459991455078,159.26034545898438,348.09197998046875,34.71759033203125,157.75390625,121.9193115234375,334.24560546875,92.07415771484375,79.50446319580078,39.311038970947266,48.55089569091797,104.01757049560547,36.29367446899414,205.4243927001953,42.07350158691406,100.62010955810547
2022-11-18,136.61215209960938,146.12905883789062,33.983882904052734,662.063720703125,93.19256591796875,158.30874633789062,347.5603332519531,34.0134162902832,158.9628143310547,123.11515045166016,336.6158447265625,93.80206298828125,79.72792053222656,39.22969436645508,49.11149215698242,103.42449188232422,36.81130599975586,205.23941040039062,42.540061950683594,99.74795532226562
2022-11-21,138.48976135253906,146.42611694335938,34.093528747558594,664.9025268554688,95.40560913085938,156.7947540283203,348.4859924316406,33.47602081298828,159.77999877929688,122.38849639892578,331.2878112792969,95.04400634765625,79.62065887451172,39.189029693603516,48.036258697509766,102.51792907714844,36.81978988647461,200.8775634765625,42.85110855102539,98.76007843017578
2022-11-22,140.85211181640625,148.12216186523438,34.25801467895508,673.860595703125,95.63162994384766,160.81756591796875,351.8406066894531,34.69905090332031,160.55181884765625,124.2190170288086,337.8596496582031,96.2049331665039,80.14800262451172,39.921077728271484,49.2952880859375,105.42401885986328,37.26104736328125,204.78182983398438,43.09812545776367,101.61688232421875
2022-11-23,140.49949645996094,147.49928283691406,34.36766815185547,676.4972534179688,95.70695495605469,159.39012145996094,354.02203369140625,33.87443923950195,160.72430419921875,125.54364013671875,341.4639587402344,96.13294982910156,80.3803939819336,39.73398971557617,47.25510025024414,105.39859771728516,37.430763244628906,206.14486694335938,43.29938888549805,101.1095962524414
2022-11-25,140.70225524902344,147.71011352539062,34.449913024902344,677.8386840820312,95.79173278808594,158.9229278564453,356.4143371582031,33.68913269042969,160.93313598632812,125.78282165527344,344.05938720703125,96.74491882324219,81.25634002685547,40.02681350708008,46.712894439697266,105.94931030273438,37.55805206298828,208.1505126953125,43.40000915527344,100.75360870361328
2022-11-28,139.65330505371094,144.56710815429688,33.68233108520508,662.5781860351562,93.77644348144531,154.30319213867188,350.4566345214844,33.244388580322266,161.01487731933594,123.58431243896484,337.497314453125,97.59986877441406,80.34465026855469,40.31963348388672,45.83984375,102.6280746459961,37.11679458618164,205.687255859375,42.979183197021484,97.72772979736328
2022-11-29,139.4505615234375,147.96881103515625,33.81025695800781,655.9908447265625,96.13074493408203,156.61306762695312,351.6940002441406,34.43036651611328,159.88893127441406,125.61721801757812,336.0673522949219,97.95084381103516,81.40827178955078,40.25456619262695,46.91507339477539,102.09429168701172,37.83808898925781,203.54530334472656,43.51894760131836,98.37739562988281
2022-11-30,142.07737731933594,151.0064239501953,34.586978912353516,657.8281860351562,97.2231216430664,158.58555603027344,356.2514953613281,35.10673141479492,161.6232147216797,127.10739135742188,349.0642395019531,99.10279083251953,83.18695831298828,40.77513122558594,47.37458038330078,105.83069610595703,38.516944885253906,211.27586364746094,43.866580963134766,99.08937072753906
2022-12-01,142.4740753173828,150.92013549804688,33.59431457519531,663.5061645507812,93.53158569335938,157.8761749267578,354.0926513671875,35.10673141479492,162.29518127441406,125.32284545898438,353.3736877441406,98.81480407714844,83.12439727783203,41.547855377197266,47.567569732666016,107.67772674560547,38.48300552368164,211.27586364746094,42.878562927246094,98.60880279541016
2022-12-02,144.26344299316406,150.2014923095703,33.162322998046875,655.053466796875,91.99658203125,156.61306762695312,351.11279296875,36.01475143432617,162.42227172851562,124.32942199707031,352.6488342285156,99.03080749511719,82.31996154785156,41.409576416015625,48.51414489746094,106.7626724243164,38.729095458984375,211.91845703125,42.02775192260742,97.772216796875
2022-12-05,144.51028442382812,149.55947875976562,31.68251609802246,654.8515625,89.48218536376953,152.7459716796875,342.7727966308594,34.1153450012207,162.33148193359375,120.84310150146484,348.7605285644531,99.00377655029297,80.27313995361328,41.263160705566406,47.218353271484375,104.7462158203125,37.26104736328125,208.04344177246094,39.94192123413086,95.09339904785156
2022-12-06,144.31634521484375,148.23715209960938,30.33139419555664,657.0808715820312,88.54988098144531,148.8096923828125,334.8109436035156,33.54087829589844,159.89804077148438,121.04547882080078,340.37677001953125,98.0318374633789,78.21736907958984,40.433509826660156,46.91865158081055,102.79753112792969,36.437931060791016,203.56475830078125,39.704063415527344,92.45018005371094
2022-12-07,145.79722595214844,148.30419921875,30.09242057800293,656.0355224609375,87.7965087890625,149.25091552734375,332.052490234375,32.5833625793457,160.86961364746094,120.96269226074219,340.26904296875,99.07579040527344,78.01179504394531,40.86460876464844,45.92273712158203,102.72975158691406,36.96405792236328,202.3282470703125,38.8349609375,92.2455062866211
2022-12-08,146.31732177734375,147.6813507080078,29.81667709350586,650.7442016601562,88.1261215209961,150.1333465576172,330.35491943359375,32.41603469848633,160.8968048095703,122.23210906982422,343.94189453125,99.75975036621094,79.27206420898438,42.11722183227539,46.033390045166016,103.58548736572266,36.96405792236328,203.58424377441406,38.95389175415039,92.9307632446289
2022-12-09,143.73458862304688,147.47055053710938,29.76153564453125,653.9910888671875,88.90776062011719,145.34056091308594,331.33282470703125,30.68692970275879,159.5711669921875,121.5698013305664,341.64996337890625,97.8968505859375,79.96924591064453,42.068416595458984,43.31306457519531,101.52664947509766,36.58218765258789,203.19479370117188,38.88071060180664,92.14759826660156
2022-12-12,145.7267303466797,150.7380828857422,30.083229064941406,656.1002807617188,91.83649444580078,146.85452270507812,335.05999755859375,31.886144638061523,161.4779510498047,123.4555435180664,350.7977294921875,98.06783294677734,81.44402313232422,42.42631149291992,45.2772331237793,102.50946044921875,36.87919235229492,208.92942810058594,39.21004867553711,94.41702270507812
2022-12-13,145.25953674316406,150.93931579589844,30.10161018371582,669.9027099609375,93.09840393066406,150.12464904785156,340.14337158203125,34.3961296081543,162.72193908691406,123.33595275878906,349.7987365722656,99.81375885009766,82.86518859863281,43.1664924621582,47.07541275024414,104.61064910888672,37.5495719909668,207.42031860351562,38.990482330322266,95.44938659667969
2022-12-14,145.3212432861328,147.67178344726562,29.66961669921875,658.2188110351562,90.97010040283203,149.08651733398438,332.4768981933594,33.977806091308594,163.2213134765625,122.71965026855469,350.15142822265625,101.05485534667969,80.88987731933594,44.313377380371094,46.503684997558594,100.46755981445312,36.73493194580078,207.6929168701172,38.58795928955078,94.7463150024414
2022-12-15,143.76983642578125,143.94427490234375,29.20085906982422,645.878173828125,88.38037109375,147.9705047607422,322.74365234375,34.107948303222656,161.16017150878906,119.67486572265625,339.1231384277344,99.31549835205078,78.46763610839844,43.60572814941406,46.20860290527344,95.8284912109375,36.35307312011719,202.42562866210938,37.84693908691406,93.83855438232422
2022-12-16,141.4603271484375,140.18804931640625,29.13652229309082,647.76513671875,84.84892272949219,145.96343994140625,319.53314208984375,33.32706832885742,159.5076141357422,118.92977905273438,338.7215270996094,98.92594146728516,77.63638305664062,41.80813980102539,45.535438537597656,94.59596252441406,35.76755905151367,201.4325408935547,37.68226623535156,93.17996978759766
2022-12-19,142.35064697265625,138.95191955566406,29.467411041259766,640.5957641601562,82.74891662597656,146.9669952392578,317.9278259277344,33.52229309082031,159.3350830078125,119.63806915283203,334.2358703613281,99.14336395263672,76.46549987792969,41.775604248046875,45.95039749145508,93.74861907958984,35.59785079956055,199.4171600341797,38.25861740112305,93.59825897216797
2022-12-20,141.54847717285156,139.61314392089844,29.586896896362305,639.7540283203125,83.23858642578125,149.3806915283203,317.8171081542969,34.78657913208008,159.5076141357422,120.21759033203125,335.8910827636719,99.38795471191406,76.11691284179688,41.743064880371094,47.73012924194336,93.560302734375,35.580867767333984,199.94287109375,37.490150451660156,94.95100402832031
2022-12-21,142.98532104492188,140.95462036132812,30.037273406982422,659.532470703125,84.49108123779297,151.13685607910156,323.04815673828125,35.91142654418945,161.33267211914062,121.5698013305664,338.5746154785156,100.65625,77.64533233642578,42.01961135864258,49.15945816040039,96.7614517211914,36.24276351928711,201.35462951660156,37.618228912353516,96.1702651977539
2022-12-22,143.91966247558594,139.2394256591797,29.770719528198242,650.6422729492188,84.27446746826172,148.87025451660156,318.82275390625,34.89813232421875,160.7424774169922,120.19001007080078,334.4904479980469,100.77401733398438,77.19843292236328,42.00334930419922,47.388946533203125,94.39055633544922,36.3615608215332,199.65081787109375,37.21569061279297,94.23013305664062
2022-12-23,143.76983642578125,140.87799072265625,29.844249725341797,651.2066650390625,85.404541015625,153.47267150878906,318.7581787109375,36.33905029296875,161.15109252929688,120.76032257080078,336.5276794433594,101.33568572998047,76.9660415649414,42.15789794921875,48.864376068115234,95.1095199584961,36.658565521240234,200.40049743652344,37.490150451660156,96.7220458984375
2022-12-27,143.67286682128906,140.27426147460938,29.89940071105957,650.5775756835938,85.4610366821289,155.4019012451172,315.49224853515625,36.506378173828125,161.10565185546875,121.1834487915039,339.0350036621094,101.57122802734375,76.02753448486328,41.58851623535156,49.334659576416016,94.77571868896484,37.040428161621094,200.8483428955078,37.5450439453125,98.06591033935547
2022-12-28,143.0029296875,137.9936981201172,30.119993209838867,647.8671264648438,84.47223663330078,153.10935974121094,314.4774169921875,35.40013122558594,160.40652465820312,121.84577941894531,334.9115905761719,100.62907409667969,75.49124908447266,41.320098876953125,48.504730224609375,92.50753021240234,36.785850524902344,199.58265686035156,37.618228912353516,96.45506286621094
2022-12-29,143.29383850097656,141.1654815673828,30.460071563720703,662.501953125,87.26915740966797,154.26861572265625,316.83917236328125,36.1345329284668,161.22372436523438,122.54486083984375,341.04278564453125,100.3935317993164,76.18841552734375,41.751197814941406,48.79060363769531,95.28926849365234,37.38650131225586,202.57168579101562,37.81034469604492,97.18482208251953
2022-12-30,142.45643615722656,141.57749938964844,30.44169044494629,655.5452270507812,87.54224395751953,155.28079223632812,316.7930908203125,36.58074951171875,160.39744567871094,123.3543472290039,340.5726623535156,100.51129150390625,75.99178314208984,41.67799758911133,49.29777908325195,93.34634399414062,37.42082977294922,202.2795867919922,37.773746490478516,98.16380310058594
2023-01-03,143.13516235351562,140.97378540039062,30.80014991760254,658.6998291015625,87.55166625976562,150.52264404296875,319.41314697265625,35.00968933105469,161.79579162597656,124.2926025390625,339.66180419921875,100.68341827392578,76.61743927001953,41.69426345825195,47.490379333496094,93.42337799072266,38.30464553833008,201.9193572998047,38.23117446899414,94.79083251953125
2023-01-04,144.28990173339844,144.25094604492188,31.37920570373535,667.8211669921875,90.21673583984375,148.92213439941406,320.77862548828125,35.72549057006836,163.55728149414062,125.45166778564453,347.8399658203125,101.53498077392578,77.44869995117188,40.77513122558594,47.674800872802734,95.31495666503906,39.497371673583984,207.0016632080078,39.0179328918457,95.06668853759766
2023-01-05,144.1136016845703,140.7989501953125,31.314870834350586,648.7088012695312,88.5028076171875,151.60400390625,317.1436462402344,36.20890808105469,162.34959411621094,125.42384338378906,344.5295104980469,102.94821166992188,76.79621887207031,40.39284133911133,48.56928634643555,92.61880493164062,39.18846130371094,205.5411834716797,38.80751419067383,97.19374084472656
2023-01-06,146.8109588623047,144.39512634277344,31.627370834350586,682.715087890625,91.41270446777344,152.7459716796875,321.1291809082031,37.3802375793457,163.6662139892578,127.82390594482422,360.6866760253906,104.03530883789062,78.2620620727539,41.41770553588867,50.256805419921875,96.11094665527344,39.737632751464844,212.0060577392578,39.1551628112793,98.36849975585938
2023-01-09,142.50048828125,144.61630249023438,31.149415969848633,696.5821533203125,91.77056121826172,151.55210876464844,325.668212890625,37.59403991699219,159.4259033203125,127.2956771850586,363.9239501953125,99.99494934082031,78.33357238769531,39.359840393066406,51.308048248291016,98.3021011352539,39.99505615234375,212.83363342285156,38.78007507324219,96.53517150878906
2023-01-10,140.71990966796875,146.15480041503906,31.360822677612305,700.5508422851562,92.7593765258789,152.29612731933594,329.690673828125,38.058860778808594,159.04454040527344,128.4354705810547,363.9632568359375,100.38446807861328,79.47764587402344,38.7335319519043,51.60313034057617,100.31348419189453,40.037967681884766,215.2579345703125,38.752628326416016,97.9769058227539
2023-01-11,138.54263305664062,148.0009307861328,31.599794387817383,699.292724609375,95.85762786865234,151.56942749023438,336.2593994140625,38.105342864990234,158.790283203125,129.38995361328125,370.6830749511719,100.62001037597656,79.93348693847656,38.595252990722656,51.93510818481445,102.94116973876953,40.424110412597656,216.2413330078125,39.10026550292969,99.1160659790039
2023-01-12,135.45481872558594,148.96250915527344,31.68251609802246,697.4796142578125,95.13250732421875,153.19583129882812,341.296630859375,39.20229721069336,157.99124145507812,129.2602081298828,372.5960998535156,101.254150390625,80.91667938232422,38.806732177734375,53.48431396484375,102.34201049804688,40.83598709106445,217.72122192382812,39.1826057434082,100.76251983642578
2023-01-13,136.68284606933594,149.7701873779297,32.38106155395508,697.5072631835938,96.8558578491211,153.61109924316406,345.042236328125,39.65781784057617,157.4736785888672,132.52206420898438,368.3876037597656,101.68899536132812,81.92669677734375,38.920616149902344,53.74250793457031,101.43475341796875,40.61288070678711,217.17599487304688,40.45423126220703,100.70022583007812
2023-01-17,135.99765014648438,147.8374786376953,31.72847557067871,693.5663452148438,97.59037780761719,156.1459503173828,322.82672119140625,39.536964416503906,156.50213623046875,130.47415161132812,367.8774719238281,100.05834197998047,86.77112579345703,37.48091125488281,53.90848922729492,101.5460205078125,40.7072639465332,217.11758422851562,40.36275100708008,100.50443267822266
2023-01-18,132.76739501953125,144.63552856445312,30.99317169189453,691.3739624023438,95.96122741699219,153.3256072998047,322.06097412109375,37.74279022216797,154.14134216308594,126.55439758300781,361.9129333496094,98.55452728271484,86.32422637939453,36.602455139160156,52.68204116821289,100.31348419189453,39.30860137939453,213.67095947265625,39.68576431274414,98.439697265625
2023-01-19,132.33139038085938,141.20281982421875,30.542797088623047,675.1942138671875,92.20375061035156,154.85690307617188,323.59246826171875,37.361637115478516,153.93251037597656,124.86783599853516,360.9515686035156,99.56008911132812,84.15226745605469,36.569915771484375,52.91257858276367,97.57457733154297,39.154144287109375,214.5959014892578,39.29238510131836,99.07157135009766
2023-01-20,133.11447143554688,145.7701873779297,31.112651824951172,686.147216796875,98.10834503173828,156.50059509277344,315.37237548828125,37.826446533203125,153.2151641845703,125.17364501953125,369.1331481933594,99.59632873535156,86.02034759521484,36.69192886352539,52.884918212890625,100.83561706542969,39.86635208129883,218.3930206298828,40.179779052734375,100.87822723388672
2023-01-23,132.18902587890625,148.077880859375,31.544654846191406,691.9844970703125,100.87699127197266,156.29298400878906,322.10711669921875,37.71489334106445,152.8247833251953,127.20303344726562,371.3796691894531,99.54197692871094,86.81582641601562,36.586185455322266,51.510921478271484,101.57169342041016,40.90462112426758,218.2664337158203,41.195247650146484,100.35313415527344
2023-01-24,131.42376708984375,149.3567352294922,31.77443504333496,695.7310180664062,100.30255126953125,156.44003295898438,321.3598327636719,37.0362663269043,152.8247833251953,128.29649353027344,372.79229736328125,98.30992889404297,85.36785125732422,36.36656951904297,51.15129089355469,100.55317687988281,40.046546936035156,217.98406982421875,40.664649963378906,101.28759765625
2023-01-25,131.51271057128906,150.74134826660156,32.0501708984375,694.9724731445312,109.32421875,154.9261016845703,322.5592041015625,37.212894439697266,153.91436767578125,128.91737365722656,375.12713623046875,98.37333679199219,85.48405456542969,36.65938949584961,51.87055969238281,99.83419799804688,42.17458724975586,218.9674530029297,41.478851318359375,100.75360870361328
2023-01-26,131.16567993164062,149.88558959960938,32.48217010498047,702.0494384765625,109.30538177490234,162.46131896972656,327.4856872558594,38.1146354675293,153.3513641357422,129.7142791748047,370.07489013671875,96.81517028808594,86.25273132324219,36.32284164428711,52.99557113647461,98.07099914550781,41.788455963134766,218.78248596191406,41.90882873535156,104.80297088623047
2023-01-27,130.1690216064453,165.6837615966797,32.58327102661133,702.3084716796875,110.72738647460938,155.24620056152344,326.31402587890625,37.66841506958008,152.75213623046875,130.02935791015625,366.9258728027344,95.46534729003906,86.57451629638672,35.945247650146484,52.534507751464844,99.53460693359375,41.925743103027344,225.3349609375,42.19242858886719,102.88953399658203
2023-01-30,129.60841369628906,166.02029418945312,32.445404052734375,691.8363647460938,108.2977523803711,150.70428466796875,329.78289794921875,37.50108337402344,147.0952911376953,128.92660522460938,364.0711364746094,96.10855102539062,86.46187591552734,35.74824523925781,51.953556060791016,97.11237335205078,41.87425994873047,223.05665588378906,42.34794998168945,101.06509399414062
2023-01-31,131.47711181640625,168.20298767089844,32.610843658447266,702.3362426757812,112.06462097167969,150.54859924316406,337.4864196777344,38.319156646728516,148.38465881347656,129.69573974609375,363.5610046386719,97.30436706542969,87.69627380371094,36.24895477294922,52.54371643066406,99.68869018554688,42.73233413696289,224.1374053955078,42.878562927246094,103.24553680419922
2023-02-01,130.4537811279297,166.93374633789062,33.0152587890625,705.4999389648438,109.55023956298828,148.2473602294922,337.3941650390625,37.96589660644531,149.74664306640625,129.35287475585938,366.97491455078125,96.9148178100586,88.47114562988281,36.09300994873047,51.363380432128906,102.74430084228516,42.234649658203125,224.80918884277344,43.29938888549805,102.11526489257812
2023-02-02,128.8876495361328,166.4722137451172,33.208282470703125,712.9933471679688,114.72028350830078,146.21432495117188,340.8630065917969,35.846351623535156,150.3096160888672,128.7505645751953,367.818603515625,93.72599792480469,89.39019012451172,36.3967170715332,48.218868255615234,110.19935607910156,42.17458724975586,223.50454711914062,43.483516693115234,98.92028045654297
2023-02-03,129.20797729492188,171.9818572998047,33.48402786254883,700.4396362304688,114.92848205566406,146.594970703125,341.3058166503906,35.855648040771484,149.46519470214844,130.7428741455078,366.80816650390625,93.25492095947266,89.58842468261719,36.16687774658203,48.541622161865234,107.6915054321289,42.30329895019531,224.05950927734375,43.80575942993164,99.60556030273438
2023-02-06,129.0478057861328,169.69338989257812,33.428871154785156,686.7669677734375,111.33223724365234,146.75933837890625,342.0900573730469,35.613948822021484,148.33018493652344,131.51199340820312,365.8859558105469,94.24237060546875,89.11088562011719,35.92061996459961,48.956581115722656,104.87554931640625,42.00297164916992,223.3876953125,43.897823333740234,99.43647003173828
2023-02-07,129.15457153320312,171.82801818847656,33.7965202331543,685.3237915039062,113.66033935546875,150.609130859375,345.41131591796875,36.28327178955078,148.36651611328125,133.1151580810547,367.93634033203125,95.73712921142578,89.3991928100586,35.78107452392578,49.929420471191406,105.98824310302734,42.620784759521484,225.21810913085938,44.3121223449707,102.27547454833984
2023-02-08,128.68299865722656,172.11651611328125,33.54835891723633,675.1848754882812,110.93476104736328,147.07080078125,346.05712890625,36.51567077636719,148.5572052001953,132.17921447753906,363.3157958984375,96.6068115234375,89.16494750976562,36.1012077331543,50.68914794921875,102.97540283203125,42.10593795776367,224.12762451171875,44.422607421875,101.38550567626953
2023-02-09,132.32252502441406,172.47225952148438,32.831443786621094,662.3353271484375,109.40162658691406,145.72119140625,339.49761962890625,35.00968933105469,146.55050659179688,130.12203979492188,363.3844299316406,96.67928314208984,88.34500885009766,35.575862884521484,49.883094787597656,100.17655944824219,41.8485221862793,223.73741149902344,43.79655075073242,101.76817321777344
2023-02-10,135.30352783203125,172.3568572998047,32.7027587890625,669.310546875,109.20287322998047,148.7750701904297,342.5328369140625,36.27397918701172,147.23150634765625,130.696533203125,359.8626403808594,98.355224609375,88.69640350341797,36.01912307739258,52.21788787841797,100.67300415039062,41.788455963134766,221.6400146484375,43.741310119628906,106.05785369873047
2023-02-13,136.79849243164062,174.3568878173828,32.76709747314453,681.706787109375,111.07671356201172,147.94454956054688,345.0606994628906,36.506378173828125,147.77627563476562,132.11431884765625,363.7865905761719,99.2430191040039,89.58842468261719,36.10941696166992,53.09806823730469,103.8741226196289,42.12309646606445,223.27896118164062,44.3121223449707,105.64530181884766
2023-02-14,135.78408813476562,174.058837890625,32.73952865600586,674.5279541015625,109.1650161743164,149.07786560058594,342.9941711425781,36.21819305419922,147.13162231445312,132.69815063476562,362.9331970214844,98.50923156738281,90.60655975341797,35.887786865234375,52.64407730102539,103.48040771484375,42.15742492675781,223.77645874023438,44.65277862548828,104.40769958496094
2023-02-15,134.4225616455078,173.72230529785156,32.684383392333984,669.9395751953125,108.4836196899414,147.5069122314453,345.35595703125,35.27927780151367,144.70724487304688,133.25413513183594,362.6192626953125,97.54895782470703,90.849853515625,35.5594482421875,51.87508773803711,104.44760131835938,42.114524841308594,223.3179473876953,44.164817810058594,104.09381866455078
2023-02-16,133.06106567382812,171.0972442626953,32.42701721191406,659.5880126953125,105.56878662109375,145.37733459472656,341.5364685058594,35.86494445800781,143.6812744140625,131.41937255859375,360.56890869140625,96.48902893066406,89.71455383300781,35.25572967529297,51.68050765991211,101.9226303100586,41.65974044799805,220.3035888671875,43.47431564331055,103.78890228271484
2023-02-17,134.64503479003906,170.48187255859375,32.491355895996094,662.5111694335938,105.20913696289062,142.13063049316406,339.9681091308594,33.93132019042969,146.680908203125,131.80857849121094,354.2709045410156,99.21585083007812,89.66049194335938,35.46915054321289,49.41984176635742,101.623046875,41.702640533447266,218.089111328125,43.722900390625,99.79804992675781
2023-02-21,135.25901794433594,166.8087158203125,31.72847557067871,643.6300659179688,102.35108184814453,140.51597595214844,333.1595458984375,33.838356018066406,144.49517822265625,129.38995361328125,349.1990966796875,98.80818939208984,87.95756530761719,35.05051803588867,49.475433349609375,96.91551208496094,40.921791076660156,215.22105407714844,42.572044372558594,99.69940948486328
2023-02-22,134.0755157470703,167.98184204101562,31.517072677612305,635.9148559570312,102.76748657226562,139.94871520996094,332.9474182128906,33.196922302246094,144.29397583007812,128.3983917236328,348.2278747558594,98.88971710205078,87.64221954345703,34.78783416748047,48.55819320678711,96.05960083007812,40.79308319091797,214.63575744628906,42.36029052734375,98.4079818725586
2023-02-23,135.32135009765625,168.4049072265625,31.489503860473633,640.0130004882812,103.6381607055664,141.32766723632812,335.3922424316406,33.680320739746094,144.24822998046875,129.42703247070312,348.7771911621094,100.18516540527344,88.24591064453125,34.72217559814453,49.40131378173828,96.42764282226562,40.94752502441406,215.7185516357422,42.58125686645508,99.31375122070312
2023-02-24,135.890869140625,167.54913330078125,31.443546295166016,632.2330322265625,103.76118469238281,141.74661254882812,335.67816162109375,34.386837005615234,142.63868713378906,130.59463500976562,346.4129943847656,99.55101776123047,88.02964782714844,34.27070617675781,49.95720672607422,94.28784942626953,40.87888717651367,214.1772918701172,42.921913146972656,99.32273864746094
2023-02-27,137.28793334960938,166.6356964111328,31.443546295166016,631.8907470703125,103.18389129638672,142.10447692871094,337.2281188964844,34.56345748901367,142.32774353027344,131.7344207763672,348.7282409667969,99.07090759277344,87.12862396240234,33.47447967529297,50.40193176269531,95.47757720947266,40.82740020751953,214.9576873779297,43.069210052490234,99.14334869384766
2023-02-28,136.9497833251953,167.2991485595703,31.52626609802246,637.7836303710938,103.2312240600586,140.31529235839844,324.4227294921875,33.825889587402344,140.1603240966797,132.83712768554688,348.5418395996094,96.24443817138672,86.94841766357422,33.30208969116211,49.29939270019531,96.1023941040039,40.956111907958984,214.5576934814453,43.06000518798828,98.56941223144531
2023-03-01,138.1688690185547,169.14532470703125,31.37920570373535,629.5780639648438,102.7580337524414,141.4324188232422,321.7095642089844,35.02095031738281,139.52932739257812,132.09584045410156,346.78582763671875,96.6158676147461,86.66912078857422,32.98196029663086,50.855918884277344,95.11808776855469,40.59572219848633,213.01637268066406,42.97714614868164,99.44829559326172
2023-03-02,137.3769073486328,168.5972442626953,30.981416702270508,634.5271606445312,102.38896179199219,141.87753295898438,324.3763427734375,35.842552185058594,139.41954040527344,130.72434997558594,348.8165283203125,96.9420166015625,86.56999969482422,33.3431396484375,51.23578643798828,95.14376831054688,39.737632751464844,213.69924926757812,42.16695785522461,99.90567016601562
2023-03-03,138.8718719482422,172.2030029296875,31.601232528686523,643.1582641601562,103.8936767578125,143.97216796875,331.80047607421875,36.30937957763672,140.85536193847656,133.12437438964844,354.6338806152344,96.82422637939453,88.59729766845703,33.77819061279297,51.87508773803711,97.13805389404297,40.424110412597656,218.29400634765625,43.13365936279297,101.1701889038086
2023-03-06,138.1778106689453,172.17416381835938,31.536466598510742,641.4345092773438,102.68231201171875,145.02821350097656,331.7633056640625,36.281368255615234,142.26373291015625,132.3460235595703,359.9607849121094,100.64720916748047,88.64234161376953,33.7453498840332,51.28211975097656,98.07955932617188,40.432682037353516,221.2010498046875,42.931114196777344,102.0669937133789
2023-03-07,136.0866241455078,168.5780029296875,30.528118133544922,628.64111328125,99.85264587402344,143.16050720214844,321.5701599121094,35.33839416503906,140.91937255859375,128.4540252685547,353.1034851074219,100.80120849609375,86.5519790649414,33.11330032348633,50.06838607788086,95.23790740966797,39.12840270996094,217.7086639404297,40.924049377441406,100.093994140625
2023-03-08,133.1233673095703,168.10684204101562,30.121078491210938,628.3616333007812,99.31318664550781,142.25282287597656,324.5528259277344,34.69417953491211,139.88597106933594,127.6941909790039,352.2107849121094,98.09251403808594,86.4078369140625,32.93271255493164,49.605140686035156,96.4190673828125,39.03401565551758,216.75262451171875,40.3624267578125,98.63217163085938
2023-03-09,131.12120056152344,165.5010528564453,28.25238609313965,606.8558349609375,95.52767944335938,140.0883331298828,317.8627014160156,33.20968246459961,138.31298828125,120.7812271118164,347.7079772949219,97.47649383544922,83.07402801513672,32.39094543457031,48.35436248779297,95.28072357177734,36.2967414855957,214.62596130371094,37.867401123046875,97.869873046875
2023-03-10,133.22125244140625,159.3279571533203,28.002605438232422,591.7142333984375,92.92513275146484,139.35519409179688,304.46405029296875,32.23870086669922,138.65135192871094,123.84850311279297,340.51715087890625,97.55801391601562,81.1368637084961,32.33348846435547,47.25181579589844,89.8969955444336,34.855167388916016,210.85069274902344,38.07915496826172,96.65917205810547
2023-03-13,135.2145538330078,151.56826782226562,26.37444496154785,583.0859375,88.31626892089844,138.51734924316406,293.1651916503906,31.165006637573242,139.9774169921875,121.62451171875,338.16278076171875,95.78242492675781,79.28075408935547,32.71928787231445,45.25056076049805,91.2750244140625,31.354202270507812,209.2216033935547,35.3631591796875,95.54713439941406
2023-03-14,136.90528869628906,157.60675048828125,26.605714797973633,594.3231811523438,90.9188003540039,140.3065185546875,299.33489990234375,31.20235252380371,140.763916015625,124.74736785888672,346.11871337890625,97.5794906616211,81.06477355957031,32.75211715698242,45.73234558105469,92.27070617675781,32.186546325683594,213.30902099609375,36.98354721069336,95.9058609008789
2023-03-15,137.0921630859375,153.66441345214844,26.355939865112305,588.648681640625,87.9471664428711,134.2320556640625,290.0802917480469,28.392087936401367,141.15711975097656,118.8537826538086,341.46875,98.18154907226562,76.9380874633789,33.06404495239258,41.989261627197266,92.34866333007812,30.410322189331055,211.07508850097656,35.768253326416016,91.13477325439453
2023-03-16,138.1956024169922,154.54905700683594,26.799985885620117,593.53125,88.54337310791016,134.65969848632812,292.7749328613281,28.942934036254883,140.864501953125,121.16119384765625,341.3902893066406,97.9170150756836,78.39774322509766,33.13792419433594,42.78606033325195,93.63871002197266,31.199758529663086,212.12864685058594,36.18255615234375,90.60563659667969
2023-03-17,137.2345428466797,150.50096130371094,25.736129760742188,593.2796630859375,84.89981079101562,132.95779418945312,282.0429382324219,27.962608337402344,139.35556030273438,116.58345794677734,343.0188293457031,94.9614486694336,75.84786224365234,32.91628646850586,41.39629364013672,93.65601348876953,28.273704528808594,212.0701141357422,34.76471710205078,89.53841400146484
2023-03-20,138.92529296875,152.63560485839844,25.67137336730957,599.6624145507812,85.40139770507812,134.91278076171875,287.6087341308594,28.65350341796875,140.73646545410156,117.8159408569336,342.68524169921875,96.55781555175781,77.1633529663086,33.49909591674805,42.8231201171875,93.13652801513672,29.560819625854492,212.81150817871094,34.506927490234375,91.8791275024414
2023-03-21,139.503662109375,158.23179626464844,26.44845199584961,616.984375,89.48976135253906,139.041015625,294.8098449707031,29.820560455322266,140.73646545410156,120.97587585449219,347.83551025390625,96.2750244140625,79.97453308105469,33.3759765625,44.73171615600586,95.65607452392578,32.195133209228516,216.51853942871094,35.427608489990234,95.99552154541016
2023-03-22,136.7451171875,156.49139404296875,25.569608688354492,604.0977783203125,86.13011932373047,136.21324157714844,291.45550537109375,28.43876838684082,138.13922119140625,117.8530044555664,344.3627014160156,95.23509216308594,78.88428497314453,32.8424186706543,43.9163932800293,93.62139129638672,29.852571487426758,214.6552276611328,34.24913787841797,93.79833221435547
2023-03-23,138.1956024169922,156.5009765625,24.949798583984375,607.32177734375,85.0890884399414,134.8604278564453,292.5518798828125,27.467777252197266,138.21240234375,117.5379409790039,347.6392517089844,95.08000946044922,77.34354400634766,32.98196029663086,42.13750076293945,94.24478149414062,30.084247589111328,217.14283752441406,33.70594024658203,92.74008178710938
2023-03-24,140.61602783203125,153.6355743408203,25.10706329345703,600.8923950195312,85.60015106201172,136.20452880859375,290.43341064453125,27.63583755493164,139.60243225097656,115.74950408935547,344.9513244628906,95.59999084472656,75.64063262939453,33.154335021972656,41.29438400268555,94.93743896484375,29.94696044921875,215.6308135986328,33.356082916259766,92.84769439697266
2023-03-27,140.18885803222656,156.84715270996094,26.355939865112305,604.0977783203125,86.8304443359375,137.5922088623047,295.9713134765625,28.550804138183594,140.1968994140625,119.06694030761719,347.8844909667969,97.5429916381836,76.26233673095703,33.01480484008789,43.33269500732422,93.99370574951172,29.921213150024414,216.38192749023438,34.49772262573242,94.88348388671875
2023-03-28,140.82069396972656,153.0875244140625,26.013656616210938,602.1596069335938,86.23422241210938,139.19810485839844,295.8876953125,29.213693618774414,138.84341430664062,119.4283447265625,347.60003662109375,96.26591491699219,76.47857666015625,32.82600021362305,44.13875198364258,93.61273956298828,30.51329231262207,214.9381561279297,34.23072814941406,96.0672836303711
2023-03-29,140.59820556640625,157.29910278320312,26.5224552154541,612.390625,89.07337188720703,140.39378356933594,298.0062255859375,29.269712448120117,140.2060546875,119.66925048828125,352.7012939453125,95.70943450927734,77.70397186279297,33.0394172668457,45.120849609375,95.80326843261719,31.079620361328125,217.83546447753906,34.95805740356445,97.71742248535156
2023-03-30,140.52700805664062,156.16444396972656,26.18017578125,615.9501342773438,89.13014221191406,141.7291717529297,298.396484375,28.998952865600586,140.3157958984375,119.307861328125,352.43646240234375,96.62167358398438,77.58683776855469,33.14613723754883,45.15791702270508,95.56084442138672,30.827436447143555,216.9185028076172,34.41486740112305,98.19273376464844
2023-03-31,141.81732177734375,158.6067657470703,26.457700729370117,623.4789428710938,91.00399017333984,142.4011993408203,303.94366455078125,29.540464401245117,141.75157165527344,120.75345611572266,356.507568359375,97.05039978027344,79.10955047607422,33.49088668823242,45.49144744873047,97.75138092041016,31.349193572998047,219.94261169433594,34.41486740112305,98.34519958496094
2023-04-03,142.75167846679688,157.48175048828125,26.44845199584961,620.9536743164062,91.15541076660156,148.32728576660156,303.3953857421875,31.83723258972168,143.44346618652344,120.61444091796875,359.5094299316406,99.31269073486328,78.53289031982422,33.942359924316406,48.48406982421875,97.2751693725586,30.992666244506836,223.39599609375,34.72789001464844,104.14759826660156
2023-04-04,142.1821746826172,156.30870056152344,25.884143829345703,614.151611328125,91.44877624511719,147.53306579589844,299.7994689941406,31.024959564208984,144.94329833984375,119.0020751953125,356.98828125,99.27620697021484,76.42451477050781,33.57298278808594,46.751495361328125,95.75997924804688,30.48828887939453,222.08877563476562,33.890079498291016,103.15215301513672
2023-04-05,143.08978271484375,155.4593963623047,25.569608688354492,611.2911376953125,89.75475311279297,148.26622009277344,298.75885009765625,30.866239547729492,151.45469665527344,119.17950439453125,357.4402770996094,102.08583068847656,75.52349090576172,34.106529235839844,46.97386169433594,94.885498046875,30.53177261352539,222.58631896972656,33.96372985839844,104.91887664794922
2023-04-06,143.75723266601562,153.2879180908203,25.754634857177734,611.626708984375,89.83992004394531,146.3199005126953,299.56719970703125,30.53946876525879,151.0340118408203,119.04875183105469,355.16070556640625,102.46894073486328,75.85688018798828,34.06549072265625,45.973236083984375,94.56513214111328,31.08831787109375,220.4596405029297,34.89360809326172,103.17906188964844
2023-04-10,143.5169677734375,155.51731872558594,25.847139358520508,614.8133544921875,90.11438751220703,146.87847900390625,301.9458923339844,30.894250869750977,150.27500915527344,119.4410171508789,353.8539123535156,102.72437286376953,75.68567657470703,34.25428009033203,46.36237716674805,95.70802307128906,30.966577529907227,220.88885498046875,35.565704345703125,102.72167205810547
2023-04-11,143.60595703125,156.18324279785156,26.55946159362793,624.0007934570312,93.15225219726562,147.69017028808594,304.1852722167969,31.491785049438477,150.22926330566406,120.0293960571289,357.7742919921875,102.61489868164062,76.66779327392578,34.30353546142578,47.381526947021484,97.76004028320312,30.89700698852539,222.85943603515625,36.24700927734375,103.4480972290039
2023-04-12,144.47802734375,153.7318572998047,26.346691131591797,620.5438232421875,90.55918884277344,148.21385192871094,306.8520202636719,31.3610782623291,149.9091796875,120.01071166992188,355.46533203125,103.7642822265625,77.01017761230469,33.958778381347656,48.1597900390625,95.5954818725586,30.783960342407227,222.23509216308594,36.08127975463867,103.3404769897461
2023-04-13,146.10348510742188,156.6368408203125,26.420700073242188,624.9790649414062,90.7389907836914,150.19500732421875,308.608154296875,31.56646728515625,151.9119873046875,120.46834564208984,363.19793701171875,105.43363189697266,77.20841217041016,34.04086685180664,48.07640075683594,97.3877182006836,30.76656150817871,226.9957275390625,36.513999938964844,103.82475280761719
2023-04-14,145.11563110351562,157.5247344970703,27.308788299560547,644.1739501953125,91.40145111083984,150.50048828125,313.05889892578125,31.398412704467773,151.6650390625,129.56488037109375,365.9294128417969,105.18733215332031,78.12743377685547,33.8110237121582,48.62303924560547,98.07170867919922,30.410036087036133,228.2931365966797,36.49559020996094,104.07586669921875
2023-04-17,144.74742126464844,157.99761962890625,28.09511947631836,650.7245483398438,92.58444213867188,149.17388916015625,315.62347412109375,31.221025466918945,151.50958251953125,130.5922088623047,366.2537536621094,104.91368103027344,80.45207977294922,33.80281066894531,48.23390579223633,98.53060913085938,30.949180603027344,227.76637268066406,38.0239143371582,102.86518096923828
2023-04-18,143.31951904296875,158.66354370117188,28.270891189575195,646.689697265625,92.31944274902344,148.82479858398438,310.2620849609375,31.631832122802734,147.24789428710938,132.0584716796875,365.82135009765625,104.74947357177734,80.95664978027344,33.285682678222656,48.33583068847656,98.20159149169922,30.601341247558594,227.88343811035156,38.54869842529297,104.87405395507812
2023-04-19,144.77438354492188,159.19436645507812,27.80834197998047,647.8172607421875,93.9756088256836,148.96438598632812,313.03106689453125,31.846567153930664,148.63796997070312,131.890380859375,366.29302978515625,104.11092376708984,81.49726104736328,33.031211853027344,48.762020111083984,97.6388168334961,31.314416885375977,226.87863159179688,38.889347076416016,104.54222869873047
2023-04-20,145.2503204345703,157.58262634277344,27.66032600402832,648.8795776367188,92.0544662475586,148.2400360107422,314.72216796875,31.62249183654785,149.59825134277344,131.5074462890625,368.45458984375,104.14742279052734,81.47923278808594,32.71107864379883,48.15052032470703,97.09335327148438,30.227415084838867,228.85899353027344,38.36455535888672,103.70817565917969
2023-04-21,145.85202026367188,158.06517028808594,27.632572174072266,634.49267578125,91.4109115600586,147.6029052734375,317.46319580078125,31.183683395385742,148.78427124023438,131.2552947998047,368.6903991699219,105.24207305908203,82.10093688964844,33.006587982177734,46.140010833740234,96.93749237060547,29.149106979370117,228.32240295410156,37.96866989135742,104.04000091552734
2023-04-24,147.35177612304688,154.98651123046875,27.530811309814453,628.203125,91.17430877685547,149.66262817382812,319.6003112792969,32.182682037353516,149.68968200683594,131.4327392578125,368.1893310546875,105.76203155517578,81.2719955444336,32.76032638549805,46.52914047241211,97.40503692626953,28.514293670654297,227.06398010253906,38.162010192871094,106.00404357910156
2023-04-25,148.08816528320312,150.67242431640625,26.67972755432129,614.7108764648438,89.85885620117188,147.48944091796875,315.4376220703125,31.04363250732422,151.06149291992188,128.57489013671875,362.0975341796875,106.30024719238281,79.34381866455078,32.28422927856445,45.36174392700195,94.67770385742188,27.62729835510254,223.9715576171875,37.33340072631836,104.49736785888672
2023-04-26,145.30421447753906,150.2864227294922,26.309690475463867,606.2874145507812,89.35726928710938,144.86239624023438,312.724365234375,29.61515998840332,148.7202606201172,126.29610443115234,360.3584289550781,103.47237396240234,79.68619537353516,31.709636688232422,44.26845932006836,93.8984603881836,27.409896850585938,222.5667724609375,36.329864501953125,103.53778076171875
2023-04-27,133.69244384765625,152.92115783691406,26.725982666015625,617.478271484375,90.84310150146484,145.708984375,317.407470703125,29.876577377319336,149.06781005859375,127.99588775634766,367.1478271484375,105.0505142211914,81.3260726928711,31.7999324798584,44.43523406982422,95.95911407470703,28.322978973388672,223.40573120117188,36.513999938964844,104.77539825439453
2023-04-28,135.7130584716797,155.71031188964844,27.086769104003906,625.4170532226562,92.08283996582031,147.13157653808594,319.1172180175781,30.576812744140625,149.70797729492188,129.1072540283203,373.3968200683594,105.33329010009766,81.766845703125,31.92306137084961,45.723079681396484,97.25785064697266,29.810001373291016,227.03472900390625,36.596866607666016,106.12959289550781
2023-05-01,138.03900146484375,153.76080322265625,26.86474609375,617.7484130859375,88.1742935180664,145.96209716796875,316.450439453125,30.39008140563965,149.6165313720703,131.87167358398438,373.229736328125,106.1269302368164,79.912841796875,32.185733795166016,45.537776947021484,96.37471771240234,28.644731521606445,226.82012939453125,37.18608856201172,102.83827209472656
2023-05-02,136.162109375,147.9026336669922,26.050662994384766,607.0235595703125,84.74838256835938,139.6781463623047,309.7602844238281,27.878582000732422,150.92428588867188,129.74232482910156,369.4666442871094,107.54086303710938,78.42237091064453,32.06260681152344,42.78606033325195,91.82048797607422,26.63595199584961,221.42539978027344,35.75904083251953,98.73979949951172
2023-05-03,134.03370666503906,146.89891052246094,25.773134231567383,598.5908813476562,83.30990600585938,136.87655639648438,305.3746032714844,27.215696334838867,148.94891357421875,126.99654388427734,368.3562927246094,107.84188842773438,77.02278137207031,31.5618839263916,41.942928314208984,91.56938934326172,25.914180755615234,220.44989013671875,35.58412551879883,96.79370880126953
2023-05-04,132.33639526367188,143.61753845214844,24.968297958374023,588.5740356445312,81.03857421875,136.3441619873047,298.50799560546875,27.094324111938477,148.27218627929688,125.25944519042969,369.5550231933594,107.0665054321289,75.0779037475586,31.38129234313965,41.757633209228516,91.4914779663086,25.20110511779785,220.0792236328125,34.071678161621094,95.09872436523438
2023-05-05,132.93807983398438,147.3235321044922,25.634366989135742,600.5196533203125,83.29097747802734,139.82650756835938,303.86004638671875,27.897258758544922,148.77517700195312,127.70636749267578,377.94598388671875,107.34929656982422,77.14093017578125,31.59471893310547,42.38764953613281,93.0499496459961,26.73160743713379,226.1079864501953,35.20368576049805,97.46630859375
2023-05-08,132.41722106933594,147.6999053955078,25.615863800048828,599.27099609375,84.29413604736328,139.2766571044922,303.38616943359375,27.962608337402344,148.43679809570312,128.01454162597656,378.7811279296875,107.98783874511719,76.73196411132812,31.74246597290039,43.18445587158203,92.07156372070312,25.86199951171875,226.54698181152344,35.61195373535156,97.85194396972656
2023-05-09,131.8604278564453,148.02809143066406,25.588117599487305,592.2174682617188,84.23735046386719,138.87521362304688,301.7693786621094,28.102659225463867,147.28443908691406,127.39813995361328,376.2560119628906,107.1212387084961,76.67742156982422,31.58651351928711,43.70329666137695,91.04991149902344,26.00983238220215,227.55174255371094,35.76042175292969,97.87884521484375
2023-05-10,131.49221801757812,143.4920654296875,25.27358055114746,586.2632446289062,82.37298583984375,137.1034698486328,299.70660400390625,27.59848976135254,147.8332061767578,127.46353912353516,375.86297607421875,107.54998016357422,76.0866928100586,31.438749313354492,42.48957443237305,91.64730834960938,25.60981559753418,225.6104278564453,35.519161224365234,96.62329864501953
2023-05-11,131.64488220214844,142.826171875,25.338340759277344,598.2274169921875,82.73259735107422,136.3441619873047,298.0062255859375,26.59949493408203,147.22959899902344,127.06192016601562,376.6981506347656,107.230712890625,75.0960693359375,31.181529998779297,40.8959846496582,91.82048797607422,25.14892578125,225.79615783691406,35.56556701660156,94.87449645996094
2023-05-12,132.14779663085938,142.7682342529297,25.060808181762695,601.0973510742188,82.27520751953125,136.69326782226562,296.87261962890625,26.711528778076172,147.03756713867188,125.24076080322266,375.2538146972656,106.85669708251953,74.87796020507812,30.990694046020508,40.83112716674805,91.17977905273438,25.33154296875,226.15780639648438,34.78614807128906,94.86553955078125
2023-05-15,131.64488220214844,144.7659912109375,25.578861236572266,600.7711791992188,84.9243392944336,137.19947814941406,299.2606201171875,27.16901206970215,145.91268920898438,126.29610443115234,376.7178039550781,106.154296875,75.38690185546875,30.833038330078125,41.32217025756836,92.02828979492188,25.783737182617188,227.55555725097656,35.97382736206055,95.04647064208984
2023-05-16,128.6813201904297,143.2314910888672,25.310585021972656,590.59619140625,86.66817474365234,133.97889709472656,298.08978271484375,26.02996826171875,145.72061157226562,125.44622802734375,373.6031188964844,105.8897476196289,74.39627075195312,30.70858383178711,40.07139205932617,90.13212585449219,24.940223693847656,225.26834106445312,35.62123489379883,92.73973083496094
2023-05-17,128.7352294921875,146.78311157226562,26.429950714111328,606.2595825195312,90.23210144042969,135.8990478515625,306.7962341308594,27.019628524780273,145.4005584716797,129.30335998535156,380.2451477050781,104.68563079833984,76.25938415527344,30.49285125732422,41.229522705078125,91.29234313964844,26.479421615600586,227.39915466308594,37.54193878173828,94.82029724121094
2023-05-18,128.8160858154297,148.12457275390625,26.337438583374023,623.6746826171875,94.55835723876953,135.73158264160156,306.23876953125,27.887920379638672,144.9341583251953,130.28402709960938,385.1774597167969,103.99234008789062,76.7864761352539,30.268815994262695,41.553802490234375,93.24042510986328,26.51420783996582,228.32772827148438,37.30997085571289,95.6796875
2023-05-19,130.31578063964844,147.6130828857422,26.00440788269043,621.22412109375,93.3195571899414,136.80679321289062,303.0516357421875,28.168012619018555,145.327392578125,129.98513793945312,378.8401184082031,105.35154724121094,74.74164581298828,30.509450912475586,41.942928314208984,92.30535125732422,26.183753967285156,228.0442657470703,37.14295959472656,96.12294006347656
2023-05-22,130.12721252441406,150.08372497558594,26.21718406677246,625.5941162109375,94.76799774169922,134.34791564941406,301.9087829589844,28.214691162109375,144.54417419433594,128.9111328125,377.8182067871094,104.4393310546875,74.76890563964844,32.15232849121094,42.61928939819336,92.50447845458984,26.879438400268555,226.06004333496094,38.02443313598633,94.95599365234375
2023-05-23,127.98980712890625,147.23667907714844,26.439197540283203,616.40673828125,97.35994720458984,138.2345428466797,300.65435791015625,28.550804138183594,144.48890686035156,127.56624603271484,367.22637939453125,103.3264389038086,75.10516357421875,32.89079284667969,42.674869537353516,91.79450225830078,27.07944679260254,219.51129150390625,38.23785400390625,96.24958801269531
2023-05-24,126.75951385498047,145.46090698242188,25.995153427124023,610.3221435546875,94.80611419677734,138.6046905517578,297.1606140136719,28.77488136291504,144.35067749023438,126.39884185791016,362.0680236816406,103.62745666503906,73.81464385986328,32.05276107788086,42.83238220214844,89.87237548828125,26.792478561401367,217.23385620117188,37.9223747253418,97.32605743408203
2023-05-25,124.48745727539062,145.808349609375,26.05991554260254,615.4654541015625,95.21587371826172,136.21630859375,300.9424133300781,28.30805778503418,142.27748107910156,126.70703887939453,363.5812072753906,102.44157409667969,75.43234252929688,31.38896942138672,41.84101486206055,90.12347412109375,26.53159523010254,218.33834838867188,37.9502067565918,95.58016204833984
2023-05-26,123.5355224609375,151.7533721923828,26.189420700073242,626.4419555664062,98.0079345703125,135.79330444335938,308.49658203125,28.196022033691406,142.22213745117188,127.89312744140625,367.8356018066406,101.3195571899414,76.25028228759766,31.1981258392334,41.21099853515625,92.3226547241211,26.670732498168945,219.93157958984375,38.256404876708984,94.95599365234375
2023-05-30,122.52971649169922,152.4965057373047,26.14316749572754,627.634765625,99.78036499023438,134.9471893310547,307.4002380371094,27.7572078704834,142.24061584472656,128.3787841796875,361.08544921875,99.58634948730469,75.81404876708984,30.70858383178711,41.05348587036133,94.14088439941406,26.66203498840332,216.63763427734375,38.02443313598633,94.1147232055664
2023-05-31,123.8947525024414,153.02734375,25.708375930786133,612.6981201171875,99.30390167236328,132.74392700195312,303.25262451171875,26.748876571655273,142.87640380859375,126.74439239501953,358.6487121582031,100.7175064086914,74.30540466308594,31.54661750793457,39.682254791259766,92.78154754638672,26.00113868713379,216.0414276123047,36.93882751464844,92.43214416503906
2023-06-01,119.83556365966797,157.0421600341797,25.904197692871094,623.2182006835938,101.23832702636719,134.10116577148438,296.230712890625,28.00929069519043,142.397216796875,128.49085998535156,364.4065246582031,101.19184875488281,74.5871353149414,31.54661750793457,41.67424774169922,93.83784484863281,26.540294647216797,221.38795471191406,37.1707878112793,93.49958801269531
2023-06-02,122.9158706665039,162.67840576171875,26.77139663696289,635.349853515625,105.28824615478516,137.7145538330078,303.0185546875,29.540464401245117,144.6363067626953,131.1898956298828,367.2067565917969,102.64225769042969,76.65924835205078,31.82872772216797,43.33269500732422,96.03703308105469,27.601207733154297,223.62625122070312,38.265689849853516,95.67064666748047
2023-06-05,122.9068832397461,161.58782958984375,26.612878799438477,630.3462524414062,103.868408203125,137.05352783203125,301.29583740234375,29.092317581176758,145.8802490234375,129.90109252929688,364.05279541015625,103.18047332763672,76.10486602783203,32.06935501098633,42.8231201171875,95.49156951904297,27.149011611938477,221.65188598632812,37.53266525268555,95.24545288085938
2023-06-06,121.62268829345703,165.82467651367188,27.256284713745117,638.2012329101562,106.7462158203125,137.3003387451172,305.9677429199219,29.308162689208984,145.75123596191406,130.13455200195312,373.3280334472656,100.35260772705078,78.03157806396484,31.837020874023438,43.736026763916016,96.98943328857422,28.375158309936523,223.06915283203125,38.284244537353516,96.0234375
2023-06-07,122.58360290527344,165.56407165527344,27.48940658569336,636.6149291992188,108.19465637207031,140.86085510253906,314.3471984863281,30.54693031311035,146.06454467773438,131.3953857421875,364.9075927734375,99.07551574707031,78.61322021484375,32.268489837646484,44.83525848388672,97.88990783691406,28.923004150390625,220.18569946289062,39.035823822021484,98.17637634277344
2023-06-08,123.60737609863281,165.16836547851562,27.256284713745117,638.8207397460938,106.37458038330078,140.34088134765625,314.08502197265625,30.171552658081055,147.66778564453125,131.4327392578125,361.1739807128906,100.63540649414062,78.4405517578125,32.43444061279297,44.20180130004883,98.59121704101562,28.74908447265625,218.01580810546875,39.31418991088867,97.86881256103516
2023-06-09,124.0923080444336,165.72811889648438,27.2935848236084,642.4063720703125,106.24115753173828,140.00599670410156,314.6000061035156,30.349857330322266,147.43743896484375,131.6942596435547,362.7755432128906,100.99117279052734,78.34966278076172,32.33486557006836,44.27632141113281,99.11072540283203,28.575166702270508,218.5142822265625,39.091495513916016,97.14512634277344
2023-06-12,123.68819427490234,167.58111572265625,27.163043975830078,640.5103149414062,106.5651626586914,138.65756225585938,317.8487854003906,29.777395248413086,147.33607482910156,131.68492126464844,368.75921630859375,100.21578979492188,79.46752166748047,33.10652160644531,43.80123519897461,95.81192016601562,27.96644401550293,221.0653839111328,38.813133239746094,96.26766204833984
2023-06-13,124.20905303955078,169.02877807617188,27.41480827331543,646.8086547851562,108.29948425292969,139.697509765625,320.66693115234375,30.68770408630371,148.110107421875,132.63754272460938,364.8977966308594,100.33436584472656,80.2309341430664,33.42182159423828,44.67688751220703,96.83360290527344,28.4360294342041,218.35794067382812,39.573997497558594,96.28575897216797
2023-06-14,122.34112548828125,168.38217163085938,27.153715133666992,649.96240234375,107.04164123535156,138.446044921875,316.8470153808594,30.07770347595215,148.8656768798828,132.14256286621094,368.21875,99.78340148925781,79.95829010009766,32.65846633911133,44.03412628173828,97.28878784179688,27.914268493652344,218.3970184326172,39.045101165771484,95.12786865234375
2023-06-15,122.03578186035156,167.74520874023438,27.3868350982666,667.5526123046875,106.39363861083984,139.4948272705078,318.0828857421875,30.69708824157715,150.8651580810547,133.63682556152344,372.42401123046875,100.46294403076172,80.93072509765625,32.98206329345703,44.621002197265625,100.3963623046875,28.949094772338867,221.0653839111328,39.30491256713867,95.78823852539062
2023-06-16,124.50541687011719,166.20106506347656,27.2189884185791,659.65869140625,104.88801574707031,138.59588623046875,316.7440185546875,30.575090408325195,151.32586669921875,133.79559326171875,369.9578552246094,100.38945770263672,80.05824279785156,33.23929214477539,44.50920486450195,99.94992065429688,29.08823013305664,223.74356079101562,39.13788986206055,95.10072326660156
2023-06-20,123.76900482177734,163.4987335205078,26.920597076416016,648.5545043945312,103.98274230957031,135.44078063964844,309.6378479003906,29.54277801513672,151.23374938964844,133.11383056640625,368.08123779296875,101.2251205444336,78.82225036621094,32.641868591308594,44.02480697631836,98.43553161621094,29.201284408569336,221.358642578125,38.86880874633789,92.920654296875
2023-06-21,122.9068832397461,162.06072998046875,26.640851974487305,646.7616577148438,103.18230438232422,136.49835205078125,304.34808349609375,29.955703735351562,151.0033721923828,132.91769409179688,369.5746765136719,102.07917022705078,78.46780395507812,32.27678680419922,44.49058151245117,96.50094604492188,29.070837020874023,222.1210174560547,38.6461181640625,93.96094512939453
2023-06-22,123.40084838867188,162.38890075683594,26.072040557861328,637.6943969726562,101.87680053710938,134.524169921875,299.2079772949219,29.345699310302734,152.6066436767578,130.3587188720703,371.20574951171875,104.43003845214844,76.79559326171875,32.1357307434082,43.63356399536133,93.27957916259766,28.027315139770508,223.2352752685547,38.09866714477539,93.44532012939453
2023-06-23,122.06272888183594,162.20550537109375,25.876220703125,638.6988525390625,101.5813980102539,133.3872833251953,294.6484069824219,28.989086151123047,152.47764587402344,129.6769256591797,373.1806640625,105.23814392089844,75.9594497680664,31.778940200805664,43.400665283203125,93.07825469970703,27.72295379638672,224.36912536621094,37.68112564086914,92.63117218017578
2023-06-26,121.1916275024414,161.27899169921875,26.193265914916992,638.4359130859375,101.21928405761719,135.73158264160156,292.44818115234375,29.721086502075195,150.77304077148438,129.99449157714844,370.83233642578125,103.84230041503906,75.96855163574219,30.609012603759766,44.11796569824219,93.68225860595703,28.10557746887207,221.19244384765625,37.66256332397461,94.34085845947266
2023-06-27,119.08120727539062,162.32131958007812,26.3331356048584,642.6316528320312,103.58252716064453,135.3085479736328,293.4687805175781,30.424928665161133,150.45970153808594,130.0038299560547,375.1260681152344,104.06269836425781,76.73196411132812,30.21903419494629,44.844566345214844,95.61682891845703,28.305585861206055,222.208984375,37.95948028564453,94.5760726928711
2023-06-28,119.0003662109375,163.85581970214844,26.17461585998535,643.1760864257812,104.11615753173828,136.5335693359375,293.6654357910156,30.556316375732422,150.1556854248047,129.43409729003906,373.59332275390625,103.25459289550781,76.33208465576172,30.111175537109375,45.263763427734375,96.68477630615234,28.10557746887207,222.81504821777344,37.69040298461914,95.34497833251953
2023-06-29,119.64698791503906,166.0756072998047,26.724773406982422,645.9826049804688,104.11615753173828,137.6969451904297,302.4941711425781,31.14754867553711,151.20608520507812,133.95436096191406,380.9034118652344,104.26473236083984,77.46810150146484,29.970117568969727,45.151981353759766,97.32379913330078,28.917675018310547,229.0314483642578,39.38842010498047,96.52095031738281
2023-06-30,120.99405670166016,168.12164306640625,26.752750396728516,648.7328491210938,104.22097778320312,138.67515563964844,301.9793395996094,30.959856033325195,152.51451110839844,135.8315887451172,386.4351501464844,105.96360778808594,77.61351776123047,30.434770584106445,45.75748062133789,98.0591049194336,29.164838790893555,232.1201171875,39.60183334350586,97.01849365234375
2023-07-03,121.2455062866211,169.31834411621094,27.22831153869629,651.0231323242188,105.82188415527344,138.55178833007812,305.7898254394531,31.560466766357422,150.51504516601562,136.92428588867188,387.08367919921875,104.99019622802734,78.53143310546875,30.409879684448242,46.083518981933594,99.14456939697266,29.641504287719727,232.5990447998047,40.269901275634766,97.20845794677734
2023-07-05,123.58940124511719,169.44381713867188,27.11641502380371,650.319091796875,103.98274230957031,137.7586212158203,299.64801025390625,31.156930923461914,150.01744079589844,136.01214599609375,387.8401794433594,104.41165924072266,78.08610534667969,30.252227783203125,45.925167083740234,97.96282958984375,29.597366333007812,234.04566955566406,40.34413146972656,96.71092987060547
2023-07-06,123.25713348388672,165.54107666015625,26.370437622070312,638.86767578125,102.21031188964844,134.73570251464844,293.04742431640625,30.978626251220703,148.9025421142578,134.66744995117188,386.8366394042969,102.6209716796875,75.73224639892578,29.56354331970215,45.75748062133789,96.1245346069336,29.12070083618164,233.48855590820312,39.79668426513672,93.10157012939453
2023-07-07,121.68553924560547,164.43711853027344,26.603553771972656,642.124755859375,102.95359802246094,135.9166717529297,295.0791015625,33.390480041503906,146.7371826171875,135.7300567626953,382.44805908203125,100.09561920166016,75.759521484375,29.48056983947754,49.697914123535156,96.4921875,29.6061954498291,231.11337280273438,39.68533706665039,93.31867980957031
2023-07-10,120.77852630615234,166.28677368164062,26.724773406982422,653.4541015625,104.29721069335938,136.82440185546875,296.2962951660156,33.78462600708008,146.9767303466797,136.49169921875,385.872314453125,100.97718811035156,75.79586029052734,29.60503387451172,49.949432373046875,98.9520034790039,29.78273582458496,232.78480529785156,39.26779556274414,94.70271301269531
2023-07-11,121.7484130859375,169.1242218017578,27.060466766357422,666.623291015625,106.91773986816406,139.35379028320312,300.42510986328125,35.211090087890625,146.1658935546875,138.62631225585938,391.421875,99.82010650634766,77.2136459350586,29.887142181396484,52.21308135986328,100.5802001953125,30.82433319091797,235.12086486816406,39.657501220703125,95.860595703125
2023-07-12,121.21857452392578,168.82398986816406,27.37750816345215,681.4537963867188,107.43230438232422,140.69338989257812,305.5932312011719,35.58646774291992,145.65908813476562,139.31272888183594,394.2654724121094,98.69060516357422,77.94976806640625,29.862247467041016,52.79996109008789,101.96327209472656,30.99205207824707,236.74339294433594,40.13999938964844,96.33098602294922
2023-07-13,121.30030059814453,168.73687744140625,27.66657829284668,694.4071044921875,108.80451965332031,138.81617736816406,307.7278747558594,35.42692947387695,146.33172607421875,139.98980712890625,394.1375732421875,97.63455200195312,78.34966278076172,29.920333862304688,53.48930358886719,103.8978500366211,31.609952926635742,237.8185272216797,40.55754852294922,94.5670166015625
2023-07-14,123.49762725830078,167.91368103027344,27.144392013549805,683.359375,106.29834747314453,135.35263061523438,305.3966064453125,34.61985778808594,147.30845642089844,140.8361358642578,396.0563659667969,98.57122039794922,77.9588623046875,30.136056900024414,53.21916580200195,101.96327209472656,31.186250686645508,237.6719207763672,40.41835403442383,91.31045532226562
2023-07-17,122.42620086669922,169.8505096435547,27.41480827331543,683.2090454101562,108.08985137939453,135.22921752929688,306.34228515625,35.060935974121094,146.57131958007812,144.23080444335938,395.75128173828125,96.94580841064453,78.49508666992188,29.7543888092041,52.641605377197266,103.18004608154297,31.12445640563965,238.4832000732422,41.51325988769531,91.70849609375
2023-07-18,124.01520538330078,172.4168243408203,28.627029418945312,693.5903930664062,110.60555267333984,135.50244140625,315.7702941894531,35.76477813720703,146.56211853027344,144.4940948486328,391.7760009765625,97.2947769165039,83.55722045898438,30.06968879699707,53.07942199707031,104.79072570800781,32.26315689086914,235.33592224121094,42.31123733520508,91.2923583984375
2023-07-19,125.01403045654297,171.52590942382812,29.400983810424805,701.4468383789062,112.40657806396484,136.3308868408203,318.8412170410156,34.73247146606445,146.26722717285156,145.04893493652344,391.8843994140625,97.2947769165039,84.66598510742188,30.23563003540039,53.433414459228516,106.15629577636719,34.34635543823242,235.97119140625,42.92363357543945,91.92558288574219
2023-07-20,129.109130859375,171.51620483398438,29.550182342529297,704.807373046875,109.5763931274414,137.83792114257812,328.4940185546875,34.20693588256836,155.1498260498047,146.8355712890625,391.677734375,99.59972381591797,85.24762725830078,30.509450912475586,53.34025955200195,105.263427734375,34.54938507080078,234.2118377685547,43.73088836669922,93.54483032226562
2023-07-21,130.5165252685547,164.8437957763672,29.82059669494629,705.1170043945312,110.12908172607422,139.85614013671875,329.5238952636719,34.66678237915039,156.8175811767578,145.70713806152344,391.11676025390625,101.3720474243164,85.43848419189453,31.03217887878418,52.17582702636719,104.78196716308594,33.9138298034668,233.8502197265625,42.64527130126953,93.97901916503906
2023-07-24,130.0080108642578,162.49053955078125,30.445358276367188,710.1575317382812,111.70140838623047,142.6146697998047,336.049560546875,35.90554428100586,157.63766479492188,148.57521057128906,398.2998352050781,99.90277099609375,86.03831481933594,31.12345314025879,53.11669158935547,105.64859771728516,34.655303955078125,235.3065643310547,43.07209777832031,95.45352935791016
2023-07-25,128.60064697265625,161.24130249023438,29.979114532470703,700.2454833984375,109.1189956665039,143.26686096191406,332.0892028808594,36.05569839477539,158.8446807861328,147.46560668945312,394.8460388183594,98.74568939208984,85.81110382080078,30.75007438659668,53.917823791503906,104.49309539794922,33.41950225830078,233.30284118652344,42.199893951416016,95.5982666015625
2023-07-26,128.8457794189453,162.4518280029297,30.221559524536133,697.5609130859375,108.67111206054688,142.19163513183594,334.76690673828125,35.85862731933594,159.14878845214844,148.34951782226562,395.9578857421875,98.3875503540039,85.01133728027344,30.874530792236328,53.722190856933594,103.9941177368164,34.32870864868164,231.7487030029297,43.09065246582031,95.0645523071289
2023-07-27,135.1564178466797,158.4329071044922,29.79262351989746,684.33544921875,108.65205383300781,140.7110137939453,331.9113464355469,35.59585952758789,160.04257202148438,146.71331787109375,388.1747131347656,96.67031860351562,84.29337310791016,30.371143341064453,53.11669158935547,102.51475524902344,34.26691436767578,229.1487274169922,42.468971252441406,95.36306762695312
2023-07-28,136.97242736816406,160.20509338378906,29.74599838256836,693.0368041992188,109.4429931640625,140.01478576660156,330.7130126953125,35.811710357666016,160.77049255371094,147.55023193359375,386.6594543457031,97.65290069580078,83.99067687988281,30.262067794799805,53.23778533935547,110.98834991455078,34.90247344970703,230.42918395996094,42.81228256225586,94.22327423095703
2023-07-31,135.8192596435547,163.54612731933594,29.839242935180664,693.5152587890625,111.51081085205078,144.23631286621094,333.1846923828125,36.67509078979492,154.3665771484375,148.53761291503906,387.9583740234375,97.93758392333984,83.98150634765625,30.25368309020996,54.3463249206543,107.8982925415039,35.02605438232422,232.36448669433594,42.83085250854492,97.00942993164062
2023-08-01,134.8749542236328,164.2918243408203,29.484907150268555,687.3297119140625,110.9962387084961,143.03770446777344,334.91668701171875,36.8533935546875,155.61972045898438,147.8041229248047,390.7035827636719,96.67950439453125,83.41283416748047,29.87613868713379,53.666297912597656,105.99873352050781,34.16981887817383,234.36822509765625,42.413299560546875,96.4485855102539
2023-08-02,135.63766479492188,161.4834442138672,29.083940505981445,673.4190673828125,107.91830444335938,140.772705078125,328.7186584472656,36.6281623840332,156.55958557128906,146.13027954101562,383.7666320800781,97.06520080566406,81.92693328857422,29.658000946044922,53.53588104248047,103.75778198242188,33.92265701293945,232.1983184814453,41.8473014831543,95.24545288085938
2023-08-03,135.33802795410156,161.15415954589844,29.289087295532227,666.5950927734375,107.60383605957031,140.71983337402344,330.6474304199219,37.24755096435547,157.23220825195312,147.02366638183594,386.7086181640625,97.0927505493164,81.7618179321289,29.364362716674805,54.01097106933594,102.43598175048828,34.823028564453125,233.3712158203125,42.22135543823242,96.90089416503906
2023-08-04,134.13946533203125,160.1857452392578,29.186511993408203,666.6984252929688,108.61934661865234,140.40257263183594,330.7034912109375,37.11616897583008,155.75791931152344,146.71331787109375,385.07525634765625,96.42237091064453,81.44078063964844,29.381147384643555,53.722190856933594,101.15792083740234,35.1849365234375,233.59605407714844,41.94080352783203,97.17227935791016
2023-08-07,136.50027465820312,161.68678283691406,29.727346420288086,668.8291015625,110.42999267578125,140.91372680664062,332.8944091796875,37.15370559692383,159.49896240234375,147.4091796875,390.5067443847656,97.42333221435547,81.706787109375,29.934871673583984,54.001651763916016,102.08583068847656,35.41444396972656,236.05917358398438,42.13718795776367,96.97325897216797
2023-08-08,135.85557556152344,160.6312255859375,29.158538818359375,654.2144165039062,109.77852630615234,140.70220947265625,326.05975341796875,37.33201217651367,159.5726318359375,146.58168029785156,386.8857421875,97.7171859741211,81.14727020263672,29.90131378173828,54.50468444824219,100.50140380859375,35.511539459228516,233.88926696777344,41.59480667114258,97.45270538330078
2023-08-09,136.89979553222656,158.64596557617188,28.776226043701172,649.62451171875,107.1152572631836,140.8872833251953,320.8448486328125,37.97016525268555,159.4713134765625,144.6163330078125,387.3580627441406,97.43250274658203,80.31259155273438,30.069108963012695,55.43623352050781,98.92574310302734,34.999568939208984,234.34866333007812,40.884117126464844,99.10812377929688
2023-08-10,137.50816345214844,158.3748016357422,28.850820541381836,654.2426147460938,105.8985824584961,141.74215698242188,318.70074462890625,37.87631607055664,158.64198303222656,144.4000701904297,390.77239990234375,96.94580841064453,80.38597869873047,29.968429565429688,54.88662338256836,99.56475067138672,34.85832977294922,235.1810760498047,40.83735275268555,99.61470031738281
2023-08-11,138.18006896972656,160.0501708984375,29.17718505859375,652.9285278320312,105.74531555175781,144.66812133789062,319.0097351074219,38.19540786743164,160.1899871826172,145.2369842529297,388.6470947265625,98.66304779052734,80.44100189208984,30.23690414428711,55.566646575927734,98.33048248291016,34.83185577392578,235.0635528564453,40.893463134765625,101.16156005859375
2023-08-14,138.2617950439453,160.8345489501953,28.84149742126465,650.4129638671875,104.57654571533203,144.56239318847656,316.2103271484375,37.82939910888672,159.81224060058594,145.53790283203125,392.1893310546875,100.01297760009766,80.10163116455078,30.262067794799805,55.445552825927734,98.3392333984375,34.17864990234375,237.86422729492188,40.902809143066406,101.24297332763672
2023-08-15,138.12559509277344,156.79627990722656,27.9183406829834,631.536865234375,102.42101287841797,140.34088134765625,311.0328369140625,37.05986022949219,159.3514862060547,141.83290100097656,388.1256103515625,99.78340148925781,79.02848052978516,29.691560745239258,54.33700942993164,96.09828186035156,33.22531509399414,234.85789489746094,39.95832443237305,98.64372253417969
2023-08-16,137.60804748535156,155.68260192871094,27.312232971191406,630.9923706054688,100.51456451416016,139.8032684326172,308.1304626464844,36.87216567993164,158.8446807861328,141.23110961914062,388.0468444824219,99.8476791381836,78.87254333496094,29.76707649230957,53.81534194946289,95.4942626953125,32.70451354980469,234.32908630371094,39.48139953613281,96.9838638305664
2023-08-17,136.21878051757812,155.50830078125,27.302913665771484,632.64453125,100.65826416015625,142.1433868408203,306.6418151855469,36.8533935546875,160.33743286132812,139.76412963867188,386.32489013671875,100.02214050292969,78.68910217285156,30.631227493286133,53.92713165283203,95.12661743164062,32.49266815185547,232.44888305664062,39.71519470214844,98.86261749267578
2023-08-18,136.3277587890625,155.1693572998047,27.144392013549805,629.1246337890625,100.62953186035156,143.16665649414062,304.2169189453125,36.975399017333984,158.93685913085938,140.08384704589844,385.8821105957031,100.27926635742188,77.86358642578125,30.75707244873047,54.05754852294922,94.19873046875,32.519142150878906,233.23231506347656,39.74324035644531,100.35831451416016
2023-08-21,136.34593200683594,155.79881286621094,27.18168830871582,630.38232421875,100.00682067871094,142.68617248535156,301.5299377441406,36.60001754760742,154.2007598876953,140.5634307861328,386.89556884765625,100.6833267211914,77.27656555175781,31.050716400146484,53.5079345703125,94.08493041992188,32.44853210449219,234.4955596923828,39.733890533447266,99.14533233642578
2023-08-22,134.6025390625,154.0556640625,26.51963233947754,624.9851684570312,96.08856201171875,141.5116729736328,298.4683532714844,36.20586013793945,152.97523498535156,137.64834594726562,391.461181640625,98.47021484375,76.11168670654297,30.9080867767334,52.54844665527344,94.02365112304688,31.636432647705078,235.58258056640625,38.808101654052734,98.5890121459961
2023-08-23,133.54925537109375,154.40431213378906,26.528955459594727,637.1217651367188,97.3531265258789,141.6985321044922,301.78265380859375,36.33724594116211,151.602294921875,138.5792999267578,394.62957763671875,102.20772552490234,76.48774719238281,30.75707244873047,53.92713165283203,96.61475372314453,31.998348236083984,237.27670288085938,38.910972595214844,97.72260284423828
2023-08-24,133.14065551757812,152.806396484375,26.687477111816406,631.8558959960938,97.21900939941406,140.53286743164062,299.5637512207031,35.88677978515625,152.1182861328125,138.44764709472656,391.2939758300781,100.50885009765625,76.53361511230469,30.337581634521484,52.90243148803711,95.86193084716797,31.892423629760742,234.50535583496094,38.74264907836914,96.99298095703125
2023-08-25,133.19512939453125,153.3196563720703,26.575578689575195,634.4843139648438,96.61544799804688,141.58285522460938,299.74169921875,35.80231857299805,154.2993927001953,138.2783966064453,396.43023681640625,101.2067642211914,76.33181762695312,30.52216148376465,52.59502029418945,96.02823638916016,31.345136642456055,237.54110717773438,38.55561447143555,98.72581481933594
2023-08-28,133.86705017089844,154.1621551513672,26.818025588989258,637.3377685546875,97.32438659667969,142.55271911621094,305.19061279296875,36.32786178588867,152.48025512695312,138.75794982910156,400.90728759765625,100.03133392333984,77.39579772949219,30.379528045654297,53.87124252319336,96.63226318359375,31.795318603515625,238.7749481201172,39.1634635925293,99.55574798583984
2023-08-29,134.0123291015625,155.17904663085938,27.200340270996094,648.6295776367188,99.17335510253906,142.3302764892578,311.3511962890625,36.365394592285156,152.4988555908203,139.88638305664062,405.0497741699219,101.0047378540039,78.46895599365234,30.32918930053711,54.23454666137695,97.81401824951172,32.20137405395508,240.253662109375,39.27567672729492,100.14855194091797
2023-08-30,134.67518615722656,155.11122131347656,27.079118728637695,653.1162109375,98.25365447998047,142.52603149414062,310.19940185546875,36.51555252075195,151.96051025390625,139.32215881347656,407.2735290527344,101.2067642211914,78.20296478271484,30.119447708129883,54.961143493652344,97.71772003173828,32.113101959228516,241.12518310546875,38.84550857543945,101.12440490722656
2023-08-31,133.44029235839844,153.00010681152344,26.956884384155273,657.5560302734375,98.0907974243164,143.3446044921875,309.3780822753906,36.2433967590332,150.057861328125,137.60134887695312,406.02398681640625,100.07725524902344,78.10206604003906,29.68317222595215,54.923885345458984,98.24295043945312,32.245506286621094,240.5866241455078,38.61172866821289,101.4071273803711
2023-09-01,134.56622314453125,154.57861328125,27.248361587524414,662.8592529296875,99.15419006347656,146.19195556640625,309.08544921875,37.36015701293945,148.94410705566406,138.0621337890625,408.9069519042969,100.86698150634766,78.65242004394531,30.018768310546875,56.00446701049805,98.8294448852539,32.72216796875,242.9662322998047,38.9483757019043,103.53213500976562
2023-09-05,132.659423828125,154.94659423828125,26.938081741333008,653.2288208007812,97.46808624267578,148.11387634277344,305.6396484375,38.34953308105469,149.12974548339844,136.53872680664062,404.9021911621094,98.72733306884766,77.8177261352539,29.68317222595215,56.32252883911133,97.87528228759766,32.23667526245117,240.253662109375,38.84550857543945,103.54125213623047
2023-09-06,132.2144775390625,153.00975036621094,26.693614959716797,651.5863037109375,97.1998519897461,148.26512145996094,303.16619873046875,38.519126892089844,146.65167236328125,136.31304931640625,406.5552978515625,97.7906494140625,77.19403076171875,28.835800170898438,57.06151580810547,97.60391235351562,31.883590698242188,241.05667114257812,38.3592414855957,104.43502044677734
2023-09-07,135.21092224121094,151.82830810546875,26.44915199279785,653.3637084960938,95.7245101928711,148.27403259277344,303.94976806640625,38.707584381103516,148.52647399902344,135.1470489501953,407.9721374511719,99.12220001220703,76.90049743652344,28.760297775268555,56.902496337890625,96.31713104248047,31.451059341430664,242.01634216308594,37.80751419067383,103.9242935180664
2023-09-08,135.31080627441406,152.45777893066406,26.665407180786133,652.94775390625,95.7245101928711,148.78121948242188,307.31060791015625,38.89603042602539,149.0183868408203,135.25047302246094,408.1886291503906,100.14153289794922,77.89111328125,28.735124588012695,56.28510665893555,95.62557220458984,31.87476921081543,242.16323852539062,38.34053421020508,105.4382553100586
2023-09-11,135.3289337158203,152.84515380859375,26.778236389160156,657.968017578125,95.82988739013672,145.71145629882812,306.48931884765625,38.933719635009766,150.96743774414062,135.84286499023438,410.009033203125,99.7282943725586,76.59780883789062,28.475038528442383,56.84636688232422,96.37838745117188,31.954206466674805,242.0946807861328,38.649131774902344,104.11583709716797
2023-09-12,135.5377960205078,153.49398803710938,27.238956451416016,659.3011474609375,96.80706024169922,148.42530822753906,312.3896789550781,39.91366195678711,151.82130432128906,137.61074829101562,409.5956726074219,100.11396789550781,78.46895599365234,28.651227951049805,58.09049606323242,96.53597259521484,32.660377502441406,242.17303466796875,39.78064727783203,107.15283203125
2023-09-13,137.25390625,154.11376953125,27.154338836669922,659.1971435546875,96.12686920166016,147.88253784179688,316.2414245605469,39.480228424072266,152.20181274414062,137.6765594482422,409.6252136230469,99.00282287597656,80.02825164794922,28.592498779296875,56.7060546875,95.468017578125,31.027360916137695,242.69204711914062,39.509456634521484,106.19523620605469
2023-09-14,139.50575256347656,156.67039489746094,27.45521354675293,668.254638671875,97.96626281738281,148.79901123046875,325.2949523925781,39.77231979370117,151.96983337402344,140.34715270996094,406.7126770019531,100.07530975341797,81.69760131835938,28.651227951049805,57.622779846191406,97.4244613647461,31.53050422668457,236.49327087402344,40.257564544677734,108.09222412109375
2023-09-15,138.12559509277344,158.57815551757812,27.116727828979492,659.3671875,100.07389068603516,148.14950561523438,323.3785705566406,39.6781005859375,149.84437561035156,139.93341064453125,407.6671447753906,99.40962219238281,81.09223937988281,28.584108352661133,56.668636322021484,97.05265045166016,31.027360916137695,236.07220458984375,40.16405487060547,106.43234252929688
2023-09-18,139.77813720703125,154.5883026123047,27.0415096282959,656.9847412109375,98.2728271484375,148.7901153564453,324.1148986816406,40.177494049072266,150.7910614013672,140.22488403320312,410.4419250488281,99.68700408935547,81.3674087524414,28.223344802856445,57.257957458496094,96.53919219970703,30.67427635192871,239.58775329589844,40.61292266845703,107.2896499633789
2023-09-19,139.36956787109375,154.31710815429688,26.938081741333008,651.3782348632812,97.4201889038086,148.77232360839844,322.764892578125,39.0373649597168,150.54049682617188,140.04623413085938,406.899658203125,99.2616958618164,81.18396759033203,28.51699447631836,56.5283203125,97.91136932373047,30.533039093017578,238.5105743408203,40.416542053222656,107.00692749023438
2023-09-20,139.478515625,152.2640838623047,26.84405517578125,646.1972045898438,96.33763122558594,148.3185272216797,317.86517333984375,38.905460357666016,151.199462890625,139.45382690429688,403.9378967285156,99.21546936035156,79.92735290527344,28.206567764282227,55.929649353027344,96.2116470336914,30.37415313720703,236.8458251953125,40.08924102783203,106.15876007080078
2023-09-21,139.3151092529297,149.82366943359375,26.373931884765625,632.3462524414062,94.77607727050781,146.9838409423828,311.7665710449219,38.40605926513672,150.03932189941406,138.36302185058594,396.8927001953125,98.67923736572266,77.85441589355469,27.560550689697266,55.02226257324219,93.98960876464844,29.526744842529297,231.70465087890625,39.574913024902344,104.66304016113281
2023-09-22,138.68856811523438,148.24514770507812,25.988428115844727,624.0924682617188,94.1437759399414,147.95372009277344,309.5479736328125,38.2835693359375,148.96270751953125,137.03712463378906,395.7709655761719,98.31864166259766,76.39602661132812,27.426307678222656,55.228065490722656,93.34336853027344,29.4649600982666,230.2063446044922,38.55561447143555,104.82720947265625
2023-09-25,140.42283630371094,148.3904266357422,25.95081901550293,621.6815795898438,93.77014923095703,150.11590576171875,310.4449157714844,38.61335754394531,148.7399444580078,137.71417236328125,396.03662109375,97.8563461303711,76.15754699707031,27.669618606567383,55.976417541503906,93.79483795166016,29.650325775146484,228.5220184326172,38.86421585083008,106.00370025634766
2023-09-26,139.7509307861328,146.34706115722656,25.5465145111084,611.4423828125,93.02291870117188,149.30618286132812,305.7057189941406,38.43433380126953,147.58909606933594,136.2848358154297,389.0406188964844,97.44029235839844,75.36872863769531,27.183012008666992,55.312252044677734,91.44886016845703,29.147178649902344,224.88893127441406,38.013248443603516,106.1678695678711
2023-09-27,139.0426788330078,145.16558837890625,25.640541076660156,608.2940063476562,91.48049926757812,152.18907165527344,303.94036865234375,39.602718353271484,145.81637573242188,137.0841064453125,389.1390686035156,96.09967041015625,74.89177703857422,26.931312561035156,56.87443161010742,91.66133117675781,28.705825805664062,224.74208068847656,38.20962142944336,109.62439727783203
2023-09-28,138.24362182617188,145.48516845703125,25.913209915161133,610.0431518554688,92.93669128417969,151.78871154785156,307.0085144042969,39.37657928466797,145.60292053222656,138.78619384765625,393.0355224609375,96.43252563476562,75.38707733154297,26.92292594909668,57.005393981933594,92.19248962402344,29.09107780456543,226.85728454589844,38.256370544433594,108.9586410522461
2023-09-29,135.34710693359375,144.47802734375,25.743961334228516,611.224853515625,92.97502136230469,150.0358123779297,305.4697265625,38.16107940673828,144.5541534423828,136.36947631835938,389.5621643066406,95.1843490600586,74.91010284423828,27.82902717590332,54.53583908081055,92.8387451171875,29.619680404663086,225.24148559570312,38.20962142944336,107.23492431640625
2023-10-02,134.6116180419922,144.75885009765625,25.104598999023438,607.963134765625,91.12605285644531,148.18504333496094,300.6833190917969,37.47323989868164,143.99725341796875,135.1940460205078,389.5031433105469,94.81452178955078,73.75440979003906,28.475038528442383,54.1990852355957,92.59085845947266,28.795419692993164,226.47535705566406,37.040706634521484,105.45649719238281
2023-10-03,133.86705017089844,140.46878051757812,24.36180305480957,591.3515625,89.14298248291016,148.5320587158203,288.995849609375,37.74648666381836,144.1736297607422,134.19725036621094,384.7898864746094,94.0933609008789,71.56222534179688,28.441486358642578,54.825828552246094,88.61598205566406,28.07866859436035,224.06634521484375,36.16167068481445,105.63890075683594
2023-10-04,134.10316467285156,141.99888610839844,24.390010833740234,601.808349609375,88.72144317626953,145.07077026367188,291.3371276855469,36.05985641479492,144.34068298339844,134.79910278320312,387.4466247558594,94.46319580078125,72.54367065429688,27.94647979736328,52.22532272338867,90.12981414794922,27.98907470703125,226.4263916015625,36.44221496582031,101.68986511230469
2023-10-05,133.88522338867188,143.0295867919922,24.502838134765625,605.3726196289062,88.24244689941406,145.83602905273438,293.13079833984375,35.86198806762695,145.84420776367188,135.36744689941406,388.4418640136719,95.78531646728516,72.59870147705078,28.08072280883789,51.823081970214844,90.2448959350586,28.553512573242188,228.63954162597656,36.75080871582031,99.40071105957031
2023-10-06,134.6025390625,145.1980438232422,24.51224136352539,612.8984375,89.6124038696289,144.35006713867188,295.00006103515625,36.455604553222656,146.30828857421875,137.45150756835938,392.1567687988281,96.04420471191406,73.68102264404297,27.795469284057617,52.10371780395508,90.43966674804688,28.544557571411133,230.16717529296875,37.115509033203125,97.7408447265625
2023-10-09,135.39248657226562,144.71185302734375,24.73790168762207,608.511474609375,90.36922454833984,148.34523010253906,295.122802734375,38.9243049621582,147.14356994628906,137.13890075683594,388.9739685058594,96.617431640625,73.2957992553711,27.854196548461914,54.47972106933594,92.0951156616211,28.678945541381836,229.5796661376953,37.12486267089844,101.16088104248047
2023-10-10,135.19276428222656,146.7636260986328,25.396074295043945,606.9326171875,92.907958984375,148.18504333496094,297.1619567871094,38.77354049682617,146.97650146484375,137.9724884033203,394.52178955078125,95.79457092285156,73.49757385253906,27.82902717590332,54.83518600463867,92.8387451171875,29.198591232299805,231.69485473632812,37.23707580566406,100.73223876953125
2023-10-11,135.60133361816406,147.32760620117188,25.405479431152344,607.6133422851562,93.04206848144531,143.3446044921875,295.5098571777344,39.23523712158203,144.95323181152344,138.44618225097656,393.9699401855469,95.65589141845703,72.36939239501953,27.778690338134766,54.96614456176758,92.20135498046875,29.12691307067871,230.79396057128906,37.115509033203125,97.12065124511719
2023-10-12,136.00486755371094,147.10394287109375,25.292648315429688,601.4678955078125,92.84089660644531,143.46026611328125,292.5172424316406,39.32005310058594,145.09246826171875,138.12405395507812,394.0586242675781,95.77606964111328,71.36959838867188,27.619281768798828,54.60132598876953,90.77605438232422,28.902931213378906,231.8711395263672,37.162269592285156,97.1024169921875
2023-10-13,135.69305419921875,146.92892456054688,25.1610107421875,593.4220581054688,91.20269775390625,145.9783935546875,291.99798583984375,39.9796257019043,145.57508850097656,140.19863891601562,392.2159118652344,96.16439819335938,71.35125732421875,26.939706802368164,55.153228759765625,89.10289001464844,28.822296142578125,232.74269104003906,38.30313491821289,100.2032699584961
2023-10-16,135.02359008789062,148.57228088378906,25.377267837524414,600.787109375,93.07080841064453,147.17068481445312,296.80322265625,39.91366195678711,146.20620727539062,140.05653381347656,395.3001708984375,96.28459167480469,72.21346282958984,27.912925720214844,55.611595153808594,88.76648712158203,29.2254638671875,235.09291076660156,38.9483757019043,100.27623748779297
2023-10-17,136.81192016601562,150.12808227539062,25.969627380371094,601.4016723632812,93.92345428466797,149.1193389892578,292.0545959472656,40.55439376831055,144.86972045898438,139.75341796875,395.9012451171875,96.31232452392578,73.68102264404297,27.47665023803711,56.3505859375,89.19140625,31.25925064086914,236.1995086669922,39.25696563720703,101.58953857421875
2023-10-18,136.90359497070312,147.34707641601562,25.67814826965332,583.050537109375,91.90204620361328,150.302734375,285.0685119628906,40.63920593261719,141.751220703125,138.2187957763672,387.46630859375,94.29676055908203,68.68212890625,26.352415084838867,56.6779899597168,86.80117797851562,29.897415161132812,232.5467987060547,38.836158752441406,103.01227569580078
2023-10-19,133.45535278320312,145.48977661132812,25.34906578063965,588.5531005859375,88.80767059326172,150.46292114257812,282.4535217285156,40.76168441772461,141.3707275390625,137.63150024414062,382.20428466796875,92.85444641113281,66.88435363769531,26.167842864990234,56.09801483154297,86.19918823242188,29.34193992614746,228.9627227783203,38.50886154174805,103.07611846923828
2023-10-20,134.10647583007812,137.66200256347656,24.73790168762207,581.2919921875,86.44136810302734,148.44309997558594,283.2654113769531,39.6781005859375,142.0018310546875,135.41481018066406,378.794921875,94.92546081542969,67.07698059082031,25.71478843688965,54.45165252685547,85.27851104736328,27.711334228515625,228.54164123535156,37.657894134521484,101.30681610107422
2023-10-23,132.73085021972656,140.5986328125,24.0421199798584,581.1973266601562,86.58507537841797,142.9709014892578,282.4818115234375,39.244667053222656,140.50753784179688,133.567626953125,378.06573486328125,95.55418395996094,65.76534271240234,25.87419891357422,55.040985107421875,84.51717376708984,28.00699234008789,226.72998046875,36.919132232666016,99.82022857666016
2023-10-24,134.17987060546875,140.43333435058594,23.94809341430664,578.9850463867188,85.45463562011719,139.38504028320312,282.4440612792969,37.906673431396484,140.3590545654297,133.72866821289062,381.25836181640625,95.25830841064453,65.63690948486328,25.53021812438965,53.31977844238281,84.91552734375,28.12346649169922,229.7852783203125,36.73210144042969,98.85350036621094
2023-10-25,133.21688842773438,139.55819702148438,24.023311614990234,575.4773559570312,85.2342758178711,138.69102478027344,280.1595153808594,38.04800796508789,140.67459106445312,132.999267578125,380.6671447753906,95.81306457519531,65.49016571044922,25.781909942626953,52.96430969238281,82.74661254882812,28.03386878967285,231.93966674804688,36.498321533203125,99.035888671875
2023-10-26,133.161865234375,139.3831329345703,24.55925750732422,573.9552001953125,85.75160217285156,137.6944580078125,280.3765869140625,37.171722412109375,138.2893524169922,133.3402557373047,359.2643737792969,97.58824157714844,66.10472106933594,26.142671585083008,52.26273727416992,82.12692260742188,28.46392250061035,226.48516845703125,37.07810592651367,98.13300323486328
2023-10-27,127.41169738769531,137.40914916992188,23.666019439697266,565.45556640625,93.63604736328125,128.44070434570312,273.692626953125,37.31304931640625,135.1337890625,128.53753662109375,358.7618408203125,95.06414794921875,64.57295227050781,25.261743545532227,52.22532272338867,78.24942779541016,27.451509475708008,224.51681518554688,36.24583435058594,96.26336669921875
2023-10-30,130.1262969970703,139.3150634765625,24.154949188232422,574.00244140625,96.3184814453125,129.98890686035156,284.00177001953125,37.14345169067383,136.4609832763672,130.1763153076172,366.98004150390625,94.9347152709961,65.53851318359375,25.630891799926758,52.758522033691406,79.69241333007812,28.051788330078125,228.24781799316406,36.87238311767578,96.56431579589844
2023-10-31,129.4751434326172,141.99888610839844,24.766109466552734,578.8810424804688,97.03697967529297,129.66859436035156,286.626220703125,37.06806945800781,137.6768035888672,131.72987365722656,370.85260009765625,94.95320892333984,65.7520523071289,25.6392822265625,52.0662956237793,80.11735534667969,28.562471389770508,230.22598266601562,37.19032287597656,96.5369644165039
2023-11-01,130.65821838378906,142.40728759765625,24.82252311706543,582.5966796875,96.059814453125,128.1114959716797,289.9776306152344,37.14345169067383,138.00164794921875,131.6162109375,372.3011474609375,95.09188842773438,65.87274932861328,25.597335815429688,52.25338363647461,80.53343963623047,28.544557571411133,233.63381958007812,37.040706634521484,96.34544372558594
2023-11-02,131.38270568847656,146.6858367919922,25.969627380371094,609.333984375,100.25589752197266,132.3646697998047,296.2084655761719,38.245880126953125,139.44021606445312,133.96548461914062,377.10003662109375,95.09188842773438,68.20314025878906,25.588943481445312,53.65653991699219,83.47254943847656,30.7664794921875,238.20700073242188,38.22003936767578,99.51014709472656
2023-11-03,129.69525146484375,148.5430908203125,26.72182273864746,622.0787353515625,101.85578918457031,131.34140014648438,309.2931213378906,37.96320724487305,140.46112060546875,135.46217346191406,380.4108581542969,95.5819091796875,70.80277252197266,26.22657012939453,53.19817352294922,84.69422149658203,31.796812057495117,238.54974365234375,39.267295837402344,98.29717254638672
2023-11-06,129.49349975585938,148.76675415039062,26.637203216552734,617.5878295898438,101.02230834960938,130.7986297607422,305.7906494140625,37.237674713134766,140.79530334472656,136.4852752685547,380.519287109375,96.46949005126953,70.48709869384766,26.159452438354492,52.833351135253906,83.82666015625,31.599700927734375,238.44203186035156,39.00312805175781,96.55521392822266
2023-11-07,130.37391662597656,148.75701904296875,26.477357864379883,613.2103881835938,100.60079193115234,128.4940643310547,305.8284606933594,35.75834274291992,140.0528106689453,136.4189453125,383.1897277832031,96.1551513671875,70.10643768310547,26.218181610107422,49.8867301940918,83.31320190429688,31.187570571899414,239.69546508789062,38.72007751464844,95.041259765625
2023-11-08,130.2546844482422,148.7862091064453,26.223491668701172,619.2234497070312,100.6678466796875,126.70559692382812,306.404296875,35.60758590698242,139.54232788085938,137.091552734375,384.00762939453125,96.52497863769531,70.53352355957031,25.8574161529541,49.5125617980957,83.97716522216797,30.918787002563477,239.36181640625,38.66347122192383,93.87388610839844
2023-11-09,126.59549713134766,148.1638641357422,25.88500213623047,616.2642211914062,100.10260772705078,126.29631805419922,302.83575439453125,35.61701202392578,136.8229522705078,136.68418884277344,382.29296875,94.6573486328125,68.88089752197266,25.236705780029297,49.33483123779297,83.13613891601562,30.381227493286133,237.13414001464844,38.11625671386719,93.90123748779297
2023-11-10,127.09989929199219,150.1183624267578,26.02604103088379,628.725341796875,100.7674560546875,127.19501495361328,307.3011474609375,36.078712463378906,136.66517639160156,138.71141052246094,388.6192321777344,93.74202728271484,69.9393310546875,25.066646575927734,49.85866928100586,81.994140625,30.641050338745117,240.6768341064453,38.57855987548828,94.62173461914062
2023-11-13,127.14575958251953,150.07948303222656,26.044845581054688,625.3690185546875,100.56510925292969,128.1292724609375,308.62286376953125,36.427337646484375,137.01783752441406,138.0956573486328,388.58966064453125,94.74056243896484,69.67007446289062,24.641494750976562,50.51347351074219,81.74624633789062,30.46185874938965,240.10763549804688,38.46533966064453,95.6158218383789
2023-11-14,126.61384582519531,152.57855224609375,27.474018096923828,659.310546875,103.10888671875,129.0635223388672,319.77227783203125,36.91731262207031,137.04568481445312,140.6154327392578,391.8414611816406,94.46319580078125,72.70606994628906,24.879581451416016,50.84087371826172,85.88935089111328,32.388126373291016,242.3353271484375,39.70128631591797,95.98397827148438
2023-11-15,126.19195556640625,155.0289306640625,27.850120544433594,670.173828125,102.13569641113281,129.51731872558594,318.7148742675781,36.22005081176758,138.10372924804688,141.846923828125,391.0334167480469,93.70503997802734,73.97801971435547,25.67035484313965,50.214134216308594,87.07561492919922,33.31094741821289,243.48350524902344,40.41832733154297,95.4041519165039
2023-11-16,126.81561279296875,154.65945434570312,27.774900436401367,675.9033203125,101.18179321289062,127.46735382080078,317.8369140625,35.03281021118164,139.310302734375,143.466796875,391.29949951171875,94.29676055908203,73.95948028564453,25.313234329223633,48.74550247192383,86.28771209716797,33.436378479003906,243.9349365234375,40.125858306884766,94.29972839355469
2023-11-17,126.83394622802734,158.07257080078125,28.188608169555664,677.75634765625,103.75444793701172,129.88595581054688,320.2159118652344,35.79603576660156,139.02255249023438,144.7645721435547,394.45269775390625,94.07487487792969,74.53508758544922,25.440771102905273,49.43772506713867,86.57100677490234,33.72306823730469,244.90646362304688,40.53154754638672,96.60062408447266
2023-11-20,126.84310913085938,159.3269500732422,28.21681785583496,681.5949096679688,103.24376678466797,129.81405639648438,320.4613952636719,35.993900299072266,140.24815368652344,145.20980834960938,398.49285888671875,94.9347152709961,73.99658966064453,25.491790771484375,49.33483123779297,87.49169158935547,33.714111328125,245.30882263183594,40.37115478515625,96.17724609375
2023-11-21,127.22830963134766,157.8100128173828,27.887727737426758,685.1119384765625,101.92371368408203,129.5083465576172,316.2320251464844,36.00333023071289,141.38014221191406,144.90667724609375,402.97637939453125,94.50016784667969,72.8546142578125,25.763883590698242,49.316123962402344,85.87164306640625,33.158626556396484,247.5266876220703,40.19190216064453,96.14044189453125
2023-11-22,126.98985290527344,159.2686309814453,27.85952377319336,687.4755859375,102.87761688232422,129.76907348632812,319.69671630859375,35.70180130004883,141.0994873046875,145.24769592285156,404.33624267578125,94.01014709472656,72.8731918334961,25.78089141845703,49.129032135009766,86.54444885253906,32.99735641479492,248.98892211914062,40.361724853515625,95.72628021240234
2023-11-24,127.17326354980469,159.8812255859375,27.95354461669922,690.2742309570312,102.6849136352539,130.28155517578125,320.17816162109375,35.86198806762695,142.67124938964844,145.44662475585938,406.47454833984375,94.18582153320312,73.02174377441406,25.933940887451172,49.20386505126953,87.0047836303711,33.328861236572266,249.55807495117188,40.493804931640625,96.24168395996094
2023-11-27,127.55844116210938,159.51171875,27.7937068939209,690.8225708007812,102.30914306640625,129.7960662841797,318.8186950683594,35.51335144042969,141.5298614501953,145.1150665283203,402.99603271484375,93.77901458740234,72.371826171875,25.627838134765625,49.15709686279297,86.02214050292969,32.961524963378906,249.40109252929688,40.588157653808594,95.68025970458984
2023-11-28,126.63217163085938,161.08700561523438,27.7655029296875,696.5709228515625,104.62165069580078,130.8300323486328,318.7620544433594,35.35317611694336,141.85726928710938,145.44662475585938,403.0354919433594,92.62330627441406,71.37840270996094,25.245208740234375,48.93259811401367,87.10216522216797,33.185508728027344,248.22341918945312,40.91836929321289,95.62503814697266
2023-11-29,127.01736450195312,162.80812072753906,28.498891830444336,706.5358276367188,106.1151351928711,129.39144897460938,323.86376953125,35.14588165283203,142.3063507080078,146.18551635742188,403.833740234375,93.50163269042969,72.92889404296875,25.57682228088379,48.520999908447266,87.78382873535156,33.85746383666992,249.4893798828125,41.30519485473633,94.18927764892578
2023-11-30,130.58485412597656,166.0559539794922,28.896947860717773,710.2514038085938,107.58935546875,129.11273193359375,325.0821533203125,34.8914794921875,144.69198608398438,147.8527374267578,407.78509521484375,94.74980163574219,73.662353515625,25.90843391418457,48.680023193359375,88.64253997802734,34.15312576293945,251.8936767578125,42.069400787353516,94.55742645263672
2023-12-01,131.520263671875,168.96340942382812,29.342388153076172,715.0922241210938,109.77661895751953,130.20066833496094,331.6401062011719,35.53219985961914,148.17225646972656,148.5726776123047,408.3074035644531,95.65589141845703,75.1014404296875,24.58197784423828,49.00742721557617,90.69637298583984,35.282005310058594,251.66802978515625,42.475101470947266,94.78752136230469
2023-12-04,132.1989288330078,168.4674835205078,29.209701538085938,715.1677856445312,110.74980163574219,130.25460815429688,332.5538635253906,35.21183776855469,148.6400146484375,149.6620635986328,402.2669677734375,97.13518524169922,75.3985366821289,24.896587371826172,48.6706657409668,90.3068618774414,35.38055419921875,249.6954803466797,42.5694465637207,94.2721176147461
2023-12-05,132.58412170410156,165.96844482421875,28.98224449157715,713.154052734375,111.11592864990234,128.4473876953125,325.281982421875,34.231903076171875,148.331298828125,149.64309692382812,402.72021484375,98.21693420410156,74.43296813964844,24.735031127929688,47.5709228515625,89.01436614990234,35.29991912841797,249.8623046875,41.97506332397461,92.44061279296875
2023-12-06,134.24404907226562,162.88589477539062,28.934856414794922,707.2245483398438,109.62242889404297,128.15069580078125,325.4914245605469,32.99209213256836,146.52566528320312,148.07061767578125,404.3854675292969,97.66218566894531,73.72734069824219,24.479944229125977,46.17979431152344,88.4123764038086,35.013221740722656,249.5482635498047,41.9844970703125,91.21652221679688
2023-12-07,135.70223999023438,163.9652862548828,29.058063507080078,709.4803466796875,111.17373657226562,128.05178833007812,328.013671875,32.5756721496582,145.38429260253906,148.5253143310547,407.1150207519531,96.04420471191406,74.60008239746094,24.343896865844727,45.55003356933594,88.47433471679688,35.595577239990234,251.04974365234375,42.833621978759766,90.58148956298828
2023-12-08,136.90359497070312,163.78053283691406,29.342388153076172,708.8045043945312,113.78494262695312,129.75108337402344,333.9244079589844,33.058345794677734,144.46746826171875,150.1641082763672,406.1395568847656,95.92401123046875,76.39196014404297,24.471439361572266,45.86961364746094,87.14643096923828,36.222740173339844,250.97122192382812,43.494041442871094,91.62147521972656
2023-12-11,138.70111083984375,163.74163818359375,29.238136291503906,716.1138916015625,114.47870635986328,129.78707885742188,334.8096618652344,32.90691375732422,145.06622314453125,150.7135467529297,409.6376953125,96.49724578857422,76.89331817626953,24.352399826049805,46.19859313964844,87.51824188232422,36.31232833862305,251.7366485595703,43.39970016479492,91.68592071533203
2023-12-12,140.53530883789062,166.31849670410156,29.133882522583008,722.662109375,115.90475463867188,128.1237030029297,335.61871337890625,32.5946044921875,145.07557678222656,152.0587158203125,414.60400390625,96.48799133300781,77.61750793457031,24.301380157470703,46.095211029052734,87.96087646484375,36.240657806396484,254.72003173828125,43.8431396484375,90.24095153808594
2023-12-13,141.5074462890625,169.74130249023438,30.365957260131836,736.1200561523438,120.52975463867188,130.02084350585938,345.2510070800781,32.831199645996094,145.74916076660156,152.57025146484375,418.4766540527344,99.03055572509766,79.50223541259766,22.668819427490234,46.2361946105957,91.36919403076172,38.0683708190918,257.48736572265625,45.060211181640625,91.04165649414062
2023-12-14,142.03932189941406,173.92263793945312,32.16668701171875,768.1943359375,124.48992919921875,134.8041229248047,364.9916687011719,33.96690368652344,146.75955200195312,155.34579467773438,412.4460754394531,98.6021728515625,84.52510070800781,22.21816062927246,49.27223205566406,96.14414978027344,40.61282730102539,253.9054718017578,47.65475845336914,93.48980712890625
2023-12-15,141.26895141601562,175.5270538330078,31.844446182250977,779.4917602539062,124.95240783691406,134.2826385498047,362.17425537109375,33.90065383911133,145.15977478027344,156.52041625976562,412.4558410644531,97.88510131835938,85.02645111083984,22.643310546875,49.05604553222656,95.21245574951172,40.32612609863281,253.218505859375,47.466060638427734,92.86396789550781
2023-12-18,140.70037841796875,177.71493530273438,31.683334350585938,758.0199584960938,125.24148559570312,134.579345703125,358.2622985839844,34.269752502441406,145.4217529296875,157.4677276611328,418.23028564453125,98.75117492675781,84.26513671875,23.008935928344727,49.14064025878906,95.65142059326172,39.46602249145508,253.55223083496094,46.85280227661133,93.55422973632812
2023-12-19,140.86546325683594,180.6224365234375,31.7591552734375,762.7216796875,126.72534942626953,136.3415985107422,364.0207824707031,34.84707260131836,146.37600708007812,159.57066345214844,419.2550964355469,99.17024993896484,85.34211730957031,23.944255828857422,49.798614501953125,96.95042419433594,39.609375,255.14193725585938,47.25849914550781,94.78752136230469
2023-12-20,139.1138153076172,175.66319274902344,31.256845474243164,751.15771484375,123.07352447509766,135.0918731689453,359.32830810546875,34.5063591003418,143.3916015625,157.77081298828125,413.32305908203125,98.11792755126953,84.61793518066406,23.493600845336914,49.39442443847656,94.94368743896484,38.04148864746094,252.31568908691406,46.55089569091797,93.20449829101562
2023-12-21,139.93917846679688,179.68893432617188,31.465354919433594,760.5516967773438,124.91387939453125,135.5054473876953,362.2313537597656,34.67671203613281,144.86041259765625,158.67076110839844,417.25469970703125,99.0771255493164,86.00132751464844,24.071802139282227,49.42262649536133,95.75892639160156,38.803035736083984,254.70037841796875,46.65467834472656,93.62786102294922
2023-12-22,142.09434509277344,180.44737243652344,31.683334350585938,763.7115478515625,125.01025390625,135.81112670898438,362.3074951171875,34.629398345947266,145.44044494628906,158.57603454589844,417.9051208496094,100.29707336425781,85.79706573486328,24.148330688476562,49.89260482788086,96.65478515625,38.98222732543945,253.61109924316406,46.39994430541992,93.79353332519531
2023-12-26,141.8009033203125,180.82662963867188,32.09086990356445,767.6993408203125,125.96414184570312,137.03392028808594,363.22119140625,35.06474685668945,146.0766143798828,159.5138397216797,417.4814147949219,100.23188781738281,86.19628143310547,24.156831741333008,50.456573486328125,97.3714828491211,39.48394775390625,254.32748413085938,46.83394241333008,94.00521087646484
2023-12-27,142.03932189941406,181.896240234375,32.07191467285156,774.0191650390625,126.36883544921875,136.58438110351562,365.95294189453125,34.69564437866211,146.27308654785156,160.47059631347656,418.16131591796875,100.55783081054688,86.95761108398438,24.326887130737305,49.845611572265625,97.3714828491211,39.36747360229492,254.10174560546875,46.54146194458008,93.56344604492188
2023-12-28,141.92010498046875,182.6158447265625,32.109825134277344,775.1231079101562,127.20712280273438,134.66026306152344,367.78997802734375,34.269752502441406,146.48826599121094,161.32318115234375,420.0926818847656,101.29353332519531,86.93904113769531,24.479944229125977,49.10304641723633,97.65816497802734,39.53057098388672,255.54432678222656,46.682987213134766,92.21052551269531
2023-12-29,142.1218719482422,182.16851806640625,31.910789489746094,772.6390991210938,126.33995056152344,134.11184692382812,367.1807556152344,34.212974548339844,146.63792419433594,161.13369750976562,420.2798767089844,101.5263442993164,86.57694244384766,24.479944229125977,48.91505432128906,96.47561645507812,39.213443756103516,255.49526977539062,46.437679290771484,92.01724243164062
2024-01-02,146.56976318359375,183.11175537109375,32.128780364990234,761.6937866210938,127.29383087158203,134.3994903564453,369.5888977050781,34.1845817565918,149.65975952148438,163.00933837890625,415.7273864746094,105.4562759399414,87.18043518066406,25.279216766357422,48.85865783691406,96.67271423339844,39.78425216674805,254.04283142089844,46.54146194458008,94.20768737792969
2024-01-03,147.15672302246094,181.1766815185547,31.778106689453125,746.3228759765625,125.95452117919922,136.96202087402344,363.392578125,34.6104621887207,150.59532165527344,162.29888916015625,412.6529235839844,106.881103515625,85.33283996582031,25.279216766357422,49.48843002319336,95.22140502929688,38.733245849609375,253.1694793701172,45.92820358276367,94.99919891357422
2024-01-04,148.0738067626953,182.5619659423828,32.03400421142578,748.0361328125,125.03914642333984,135.46047973632812,364.4967041015625,33.862796783447266,150.2772216796875,163.3759002685547,413.6383361816406,108.9671401977539,85.55567169189453,24.735031127929688,48.58606719970703,95.0153579711914,39.1500244140625,254.76905822753906,46.494293212890625,94.1708755493164
2024-01-05,148.6974334716797,184.43495178222656,32.63108825683594,745.0665283203125,127.59254455566406,135.2266845703125,367.8185119628906,34.04262161254883,150.74497985839844,164.19561767578125,413.2934875488281,109.16271209716797,86.56766510009766,25.05813980102539,48.74586486816406,95.11390686035156,39.69365692138672,254.84762573242188,47.098106384277344,94.4561767578125
2024-01-08,148.04627990722656,184.58131408691406,32.37519836425781,758.7338256835938,128.83551025390625,134.41748046875,370.1219177246094,33.32333755493164,151.1192169189453,163.95733642578125,416.471435546875,109.31169891357422,86.81835174560547,25.151674270629883,47.29833984375,95.79475402832031,39.829559326171875,257.64447021484375,47.098106384277344,92.88237762451172
2024-01-09,148.85333251953125,182.2010040283203,31.872882843017578,756.192626953125,128.08396911621094,131.00088500976562,365.2486267089844,32.66084289550781,151.2127685546875,162.66104125976562,417.0833435058594,110.28952026367188,85.47209930419922,24.99862289428711,45.64402770996094,95.16765594482422,39.37653350830078,258.419677734375,46.503726959228516,91.73194885253906
2024-01-10,151.2194366455078,180.44503784179688,31.844446182250977,754.1369018554688,124.23941802978516,129.92193603515625,363.55438232421875,32.24441909790039,151.43731689453125,163.00416564941406,422.6793518066406,110.6899642944336,84.93360900878906,24.650001525878906,45.54063415527344,96.20685577392578,39.322174072265625,259.62677001953125,46.305599212646484,90.82996368408203
2024-01-11,150.20144653320312,180.5035400390625,31.41796112060547,754.374755859375,123.6612777709961,130.6232147216797,361.4508361816406,32.357994079589844,150.76370239257812,162.31793212890625,421.1495666503906,110.28952026367188,84.03302764892578,24.148330688476562,45.86961364746094,97.88213348388672,38.79667282104492,259.1066589355469,46.267860412597656,90.81157684326172
2024-01-12,150.35885620117188,177.58668518066406,31.08625030517578,761.027587890625,123.04461669921875,132.4124755859375,359.5472717285156,32.632450103759766,151.92379760742188,161.1265411376953,423.4985046386719,110.47577667236328,83.28099060058594,24.403417587280273,46.9505615234375,98.98404693603516,38.18962097167969,259.2440185546875,44.72056579589844,91.98961639404297
2024-01-16,149.50706481933594,176.54286193847656,30.4417781829834,753.2042236328125,122.87118530273438,129.19366455078125,362.1171569824219,31.714427947998047,150.17431640625,160.11624145507812,422.7582702636719,110.34540557861328,79.81790924072266,24.080305099487305,45.39963912963867,95.46328735351562,37.491973876953125,260.2940368652344,44.173343658447266,89.90961456298828
2024-01-17,150.02552795410156,176.57215881347656,30.13849639892578,749.4447021484375,121.48367309570312,128.68116760253906,359.0047302246094,31.45890235900879,150.09010314941406,159.2583770751953,421.8404541015625,110.0101547241211,78.36955261230469,23.935758590698242,45.01425552368164,94.72867584228516,36.984588623046875,261.6581726074219,44.031829833984375,89.25617218017578
2024-01-18,151.19215393066406,175.3917694091797,30.07215690612793,756.8968505859375,120.365966796875,127.51234436035156,358.7477111816406,31.525146484375,150.81983947753906,159.5729217529297,425.09735107421875,110.3919677734375,77.89603424072266,23.88473892211914,45.64402770996094,95.21245574951172,36.37754440307617,263.1400146484375,43.8148307800293,89.09050750732422
2024-01-19,152.55313110351562,178.6890411376953,30.536558151245117,766.5858154296875,123.31440734863281,127.88996124267578,363.7828369140625,32.14978790283203,151.25953674316406,162.32745361328125,431.0782775878906,110.71792602539062,79.23298645019531,24.04629135131836,46.65917205810547,98.09712982177734,38.06277084350586,265.8484802246094,45.39985656738281,89.22855377197266
2024-01-22,153.12716674804688,180.48403930664062,30.849313735961914,755.716796875,124.95240783691406,128.11471557617188,367.361572265625,32.58513641357422,151.9986114501953,162.13685607910156,434.00946044921875,111.22079467773438,79.59508514404297,24.071802139282227,47.636722564697266,99.11842346191406,37.85438919067383,266.1429138183594,45.786685943603516,89.10891723632812
2024-01-23,155.08071899414062,180.93280029296875,31.057819366455078,754.3271484375,125.02950286865234,127.75508880615234,362.4217224121094,33.408512115478516,149.51010131835938,161.06935119628906,433.0323791503906,111.60262298583984,80.53279876708984,24.17384147644043,47.392330169677734,98.33004760742188,38.02653503417969,266.2018127441406,46.34333038330078,90.11210632324219
2024-01-24,152.04393005371094,181.27423095703125,31.256845474243164,747.845703125,126.3110122680664,130.299560546875,361.1177673339844,34.85653305053711,148.71485900878906,162.5085906982422,432.97320556640625,110.7085952758789,81.30342102050781,24.088808059692383,48.56726837158203,98.32109069824219,38.488616943359375,266.58453369140625,46.692420959472656,91.66751098632812
2024-01-25,152.88644409179688,183.4691925048828,31.645423889160156,752.3285522460938,127.7177963256836,133.58132934570312,364.25872802734375,35.017425537109375,149.2761688232422,164.83421325683594,431.0979919433594,111.8726806640625,81.72120666503906,23.709047317504883,49.319236755371094,99.7813491821289,38.787601470947266,267.5266418457031,47.060367584228516,93.99600982666016
2024-01-26,152.2105712890625,196.5023651123047,31.683334350585938,749.3209228515625,133.6628875732422,134.09385681152344,359.5853271484375,35.51902770996094,149.22006225585938,164.2051544189453,432.80535888671875,112.51524353027344,81.45196533203125,23.709047317504883,49.742210388183594,98.62567901611328,38.63358688354492,262.9437255859375,47.47549819946289,94.79669952392578
2024-01-29,151.7569122314453,195.94630432128906,31.85392951965332,750.6533813476562,133.43162536621094,134.03988647460938,362.22186279296875,35.197242736816406,149.089111328125,164.634033203125,434.8286437988281,112.94363403320312,81.34984588623047,23.717681884765625,50.005393981933594,100.02323150634766,38.914451599121094,268.5570983886719,47.503807067871094,94.91636657714844
2024-01-30,152.69200134277344,199.15582275390625,32.97228240966797,744.0195922851562,133.55686950683594,134.9749755859375,368.227783203125,34.83760452270508,148.537109375,168.00814819335938,439.37847900390625,113.29751586914062,82.1467514038086,23.320659637451172,46.3865852355957,100.07699584960938,39.267799377441406,271.98199462890625,48.296321868896484,96.49937438964844
2024-01-31,152.2105712890625,195.82923889160156,32.2330322265625,736.9576416015625,130.38682556152344,132.5563201904297,365.5055847167969,33.73976135253906,148.6587371826172,166.18765258789062,443.3657531738281,112.4780044555664,81.79045867919922,23.372446060180664,45.77561950683594,97.1564712524414,37.63693618774414,268.1645202636719,47.343414306640625,94.6218490600586
2024-02-01,155.16403198242188,198.24855041503906,31.797061920166016,747.065185546875,129.65452575683594,132.96994018554688,365.3533020019531,33.53154754638672,148.15350341796875,165.58717346191406,454.90313720703125,117.69307708740234,81.3967056274414,23.553693771362305,46.05760192871094,98.4286117553711,37.04800796508789,271.8838806152344,46.298301696777344,94.23529815673828
2024-02-02,156.16397094726562,201.36053466796875,31.721248626708984,749.9872436523438,131.50454711914062,136.88107299804688,369.1700744628906,32.90691375732422,146.51634216308594,166.54029846191406,454.5675354003906,117.72101593017578,81.81861114501953,23.24298095703125,46.05760192871094,98.3121337890625,37.002708435058594,272.0114440917969,46.70684814453125,93.8487548828125
2024-02-05,158.5619354248047,200.9020233154297,31.266324996948242,745.3901977539062,130.3097381591797,136.96202087402344,364.56329345703125,32.679779052734375,145.75852966308594,166.32107543945312,450.79742431640625,117.50682067871094,80.52479553222656,22.93227195739746,45.63462448120117,96.96833801269531,36.332237243652344,270.4412841796875,46.269798278808594,93.46221160888672
2024-02-06,160.44140625,200.61911010742188,31.31371307373047,749.9680786132812,129.4521942138672,136.97996520996094,366.4383544921875,32.9542350769043,147.87286376953125,166.89295959472656,454.4885559082031,118.15869903564453,80.72168731689453,23.734941482543945,45.38412094116211,97.63127899169922,36.332237243652344,271.59930419921875,45.88026428222656,94.10645294189453
2024-02-07,162.03390502929688,203.9652099609375,31.446401596069336,756.3639526367188,129.0860595703125,136.78216552734375,368.0279235839844,32.87852478027344,147.79803466796875,167.2074737548828,455.88018798828125,118.70816802978516,80.6279296875,23.786727905273438,44.85475158691406,98.30318450927734,36.160091400146484,274.1802062988281,46.06077575683594,94.07884979248047
2024-02-08,161.8302001953125,206.04310607910156,31.389528274536133,754.9363403320312,130.4446258544922,138.5174560546875,366.4859924316406,33.152984619140625,146.3198699951172,166.60704040527344,452.2778625488281,117.90727233886719,80.29978942871094,23.79535675048828,45.17615509033203,97.56856536865234,36.576866149902344,271.1422119140625,45.93726348876953,95.68946075439453
2024-02-09,161.17286682128906,207.2722930908203,31.34214210510254,758.7528686523438,130.82208251953125,135.80215454101562,365.7435607910156,32.66084289550781,146.65663146972656,166.80715942382812,451.90277099609375,116.82701110839844,80.52479553222656,23.786727905273438,44.50498580932617,95.25724029541016,36.40472412109375,271.78118896484375,45.661739349365234,93.6646728515625
2024-02-12,160.23773193359375,207.0674285888672,31.8634090423584,763.0834350585938,133.0577850341797,136.7372283935547,373.71978759765625,32.679779052734375,147.67640686035156,167.55059814453125,452.721923828125,116.72456359863281,81.44358825683594,23.873035430908203,45.50701141357422,98.53609466552734,37.21110153198242,270.444091796875,46.478824615478516,94.95318603515625
2024-02-13,160.44140625,204.54080200195312,31.03886604309082,740.5361328125,129.23484802246094,135.406494140625,360.4990539550781,32.23496627807617,146.38534545898438,166.0923309326172,454.4490661621094,116.80838012695312,78.7247314453125,23.277503967285156,44.97764587402344,93.83280944824219,36.178218841552734,271.1717224121094,45.83275604248047,94.13573455810547
2024-02-14,161.4876251220703,205.7406768798828,31.399011611938477,747.5126342773438,130.76402282714844,135.77517700195312,359.82330322265625,32.367454528808594,145.70240783691406,167.7793731689453,459.11737060546875,117.17156219482422,78.75286865234375,23.398338317871094,45.138343811035156,95.28411102294922,36.69465637207031,272.8922424316406,46.1082878112793,93.67127227783203
2024-02-15,163.49671936035156,207.33082580566406,32.28989791870117,759.5524291992188,131.97381591796875,140.39251708984375,366.84765625,33.44637680053711,147.7418975830078,171.43936157226562,465.12786865234375,117.84207916259766,80.31855010986328,23.743572235107422,45.922943115234375,96.98626708984375,37.645992279052734,276.2547912597656,49.4431266784668,96.3558349609375
2024-02-16,164.33001708984375,207.360107421875,32.30885314941406,755.6976928710938,132.81582641601562,140.54701232910156,365.9148864746094,33.41798400878906,147.5722198486328,170.63876342773438,462.0189514160156,119.00615692138672,81.09669494628906,23.83851432800293,45.91349411010742,97.52377319335938,37.59162902832031,273.8754577636719,49.31962203979492,96.3558349609375
2024-02-20,162.71902465820312,207.29183959960938,32.18564224243164,759.6094360351562,132.97067260742188,139.97439575195312,365.9909973144531,33.24762725830078,148.80706787109375,171.30593872070312,445.8528137207031,118.61502838134766,80.01852416992188,23.812620162963867,45.86622619628906,98.01651000976562,37.27452087402344,270.52276611328125,49.18660354614258,95.44548797607422
2024-02-21,162.15423583984375,205.73095703125,31.93922996520996,766.595458984375,130.66725158691406,141.2832489013672,369.56036376953125,33.24762725830078,149.58004760742188,172.4210968017578,453.0574951171875,119.31346130371094,80.12166595458984,23.881668090820312,46.518489837646484,97.9448471069336,36.984588623046875,272.1057434082031,50.032196044921875,97.39620971679688
2024-02-22,163.64486694335938,208.75511169433594,31.85392951965332,774.199951171875,130.23170471191406,141.274169921875,371.6542663574219,33.408512115478516,151.24855041503906,174.4894256591797,465.4041748046875,120.3750991821289,80.4873046875,23.778095245361328,46.56575012207031,99.35135650634766,37.46479034423828,278.9781799316406,50.706764221191406,97.3125991821289
2024-02-23,164.8855438232422,209.3111572265625,32.147727966308594,774.3427734375,131.1608428955078,140.5742950439453,372.2063903808594,33.32333755493164,152.55885314941406,175.3662872314453,467.23992919921875,120.55205535888672,81.1435775756836,23.9593448638916,46.14981460571289,99.43196105957031,37.47385025024414,278.8307189941406,51.17230987548828,96.4580078125
2024-02-26,165.55213928222656,211.65243530273438,31.85392951965332,767.1473999023438,130.1639404296875,140.3834228515625,371.4163513183594,33.0394172668457,151.5690460205078,174.7658233642578,468.3157043457031,119.98399353027344,80.31855010986328,23.458751678466797,45.9040412902832,98.95716094970703,37.002708435058594,279.3714294433594,51.428836822509766,96.83885192871094
2024-02-27,165.7187957763672,212.64749145507812,32.488922119140625,761.9222412109375,132.41903686523438,138.302001953125,371.9779052734375,33.086734771728516,151.74815368652344,174.85159301757812,468.5526123046875,120.16091918945312,80.14977264404297,23.20845603942871,45.809505462646484,99.31550598144531,37.48291015625,278.4079284667969,52.07490539550781,96.6344985961914
2024-02-28,164.8022003173828,212.69627380371094,32.51736068725586,770.602294921875,133.19325256347656,138.465576171875,376.8857421875,33.0772705078125,152.28546142578125,175.73800659179688,472.59906005859375,119.37865447998047,80.67481231689453,23.337923049926758,45.525917053222656,100.65033721923828,37.347007751464844,280.8265380859375,51.9893913269043,96.90388488769531
2024-02-29,162.99679565429688,214.05226135253906,32.94684600830078,772.2013549804688,133.18359375,138.16563415527344,372.9268798828125,33.19084548950195,152.12522888183594,177.3392333984375,468.5624084472656,118.41015625,80.66543579101562,22.92363929748535,45.68661880493164,101.54621124267578,38.01747131347656,277.8868713378906,52.815982818603516,97.08967590332031
2024-03-01,165.64474487304688,214.28640747070312,32.78459548950195,775.5228881835938,132.37063598632812,138.8927764892578,372.0163269042969,33.73030090332031,152.82278442382812,176.60533142089844,470.4080505371094,118.23319244384766,81.07796478271484,22.94953155517578,46.65082550048828,101.66268157958984,37.52820587158203,278.3980712890625,52.31242752075195,98.31582641601562
2024-03-04,163.9226531982422,213.55477905273438,33.54814147949219,794.2153930664062,131.61572265625,135.32069396972656,375.99432373046875,33.29494857788086,150.6735076904297,177.93017578125,462.3742980957031,115.52323913574219,84.41556549072266,22.345369338989258,46.717002868652344,104.41297149658203,38.68794250488281,275.8123474121094,53.025001525878906,96.9410400390625
2024-03-05,165.8761749267578,211.88658142089844,33.77720260620117,787.0487060546875,133.1352081298828,135.9660186767578,374.7098388671875,33.45661926269531,150.79608154296875,179.71253967285156,461.4169921875,114.3871078491211,83.56242370605469,22.509357452392578,46.94387435913086,104.15318298339844,39.18626403808594,274.681640625,53.77558135986328,98.13004302978516
2024-03-06,167.63531494140625,213.1060028076172,33.80583190917969,795.246337890625,131.37376403808594,134.82078552246094,373.4254150390625,33.618289947509766,150.20220947265625,180.6466064453125,465.4436950683594,115.24385070800781,80.30917358398438,23.46738624572754,47.293643951416016,104.81610107421875,39.04129409790039,275.7139892578125,54.260128021240234,99.17970275878906
2024-03-07,167.181640625,217.95440673828125,34.00626754760742,796.4913940429688,133.22230529785156,135.76609802246094,372.33258056640625,34.41714096069336,149.7591552734375,179.06443786621094,461.4367370605469,115.46736145019531,80.75918579101562,23.12215232849121,48.00261306762695,104.71756744384766,39.267799377441406,273.5805358886719,54.155616760253906,99.737060546875
2024-03-08,165.5891571044922,217.90562438964844,33.977638244628906,800.7241821289062,132.81582641601562,136.22964477539062,370.9522399902344,34.4361572265625,150.3719024658203,179.3979949951172,463.1343078613281,115.01103973388672,81.60296630859375,23.493276596069336,47.643402099609375,105.66719055175781,39.19532775878906,275.3305358886719,54.22212600708008,100.67526245117188
2024-03-11,166.3113555908203,214.8034210205078,34.25440979003906,790.22802734375,134.00628662109375,138.15652465820312,370.1567077636719,34.86411666870117,151.9838104248047,179.46473693847656,463.0355529785156,114.33120727539062,81.50920867919922,24.48583221435547,48.71159362792969,105.38947296142578,39.4308967590332,275.8418273925781,54.241127014160156,101.26976776123047
2024-03-12,167.50567626953125,217.2032470703125,34.32122039794922,794.470703125,135.758056640625,138.0565643310547,372.0929870605469,34.94970703125,153.4072265625,180.9420928955078,466.69708251953125,114.22876739501953,81.61234283447266,24.17511558532715,48.749412536621094,105.57759857177734,39.1500244140625,279.1452941894531,54.73517990112305,100.61952209472656
2024-03-13,166.5242919921875,217.35934448242188,34.43575668334961,791.02294921875,136.08709716796875,139.87442016601562,376.0517883300781,34.74048614501953,151.8612823486328,182.40992736816406,469.4013366699219,113.76314544677734,83.76866912841797,24.356367111206055,49.69471740722656,105.35363006591797,39.385597229003906,280.3448791503906,54.934696197509766,101.74349975585938
2024-03-14,167.76492309570312,215.07659912109375,34.06352615356445,774.560791015625,134.94505310058594,141.5195770263672,372.5050964355469,35.767578125,150.0796661376953,179.1597442626953,473.2208557128906,112.93843841552734,83.53428649902344,24.278688430786133,50.3186149597168,104.04078674316406,38.37083435058594,281.59344482421875,54.50715637207031,103.54560089111328
2024-03-15,164.6911163330078,213.11575317382812,33.796295166015625,768.5465087890625,131.18984985351562,141.38320922851562,371.16314697265625,35.88170623779297,149.1087188720703,181.38052368164062,469.6184387207031,113.88497161865234,82.85926055908203,24.114702224731445,49.978309631347656,103.99552154541016,38.126197814941406,278.2801208496094,54.640167236328125,103.35980224609375
2024-03-18,165.25587463378906,215.56434631347656,34.36894226074219,766.3726806640625,131.88671875,141.25596618652344,368.44085693359375,35.86267852783203,147.77015686035156,183.62991333007812,472.6385192871094,113.81000518798828,82.46549224853516,23.924821853637695,50.50768280029297,104.14944458007812,38.47956085205078,280.2563171386719,54.88719177246094,104.31658172607422
2024-03-19,166.33912658691406,216.26673889160156,34.388031005859375,768.3358764648438,132.44805908203125,142.35577392578125,372.5531005859375,36.58544921875,147.25172424316406,184.7069549560547,477.68182373046875,114.52225494384766,82.89675903320312,23.847143173217773,51.500247955322266,103.9683609008789,38.253047943115234,282.517578125,54.16511917114258,105.0504150390625
2024-03-20,163.2004852294922,222.3345947265625,35.07522201538086,783.2659301757812,137.2097930908203,140.47430419921875,380.03936767578125,36.34770202636719,146.8275146484375,187.12789916992188,481.6690979003906,116.0685806274414,85.64373779296875,23.90755844116211,51.424625396728516,106.8385009765625,39.37653350830078,284.4151916503906,54.44064712524414,104.95753479003906
2024-03-21,164.33926391601562,223.51495361328125,35.80057907104492,806.4127197265625,138.57444763183594,140.75608825683594,396.5649719238281,36.57593536376953,146.81809997558594,189.7299346923828,482.2613220214844,115.85304260253906,87.565673828125,23.873035430908203,51.462432861328125,109.13825225830078,40.27351760864258,285.4867858886719,54.96320343017578,105.42198944091797
2024-03-22,165.2188262939453,220.43226623535156,35.361549377441406,789.9122314453125,136.61941528320312,140.5742950439453,389.96051025390625,36.509361267089844,146.32789611816406,187.404296875,475.3822326660156,116.0685806274414,86.20625305175781,23.61410903930664,51.03704833984375,107.39987182617188,39.494319915771484,278.49639892578125,54.279136657714844,105.42198944091797
2024-03-25,165.2929229736328,220.50057983398438,35.18021011352539,781.6570434570312,136.02903747558594,142.2194366455078,388.1584167480469,36.918304443359375,146.31846618652344,185.68869018554688,469.82574462890625,117.43684387207031,85.44684600830078,23.674528121948242,51.33955383300781,107.13729858398438,39.45807647705078,276.4808349609375,53.89909362792969,106.4995346069336
2024-03-26,165.90396118164062,218.96897888183594,35.39972686767578,785.4781494140625,136.3000030517578,141.1287384033203,389.3470153808594,36.43328857421875,146.83694458007812,186.55601501464844,470.5757751464844,117.63365173339844,85.57811737060547,23.812620162963867,51.11267852783203,106.7389144897461,39.43996047973633,275.8811340332031,53.85159683227539,105.70067596435547
2024-03-27,166.9779510498047,222.17849731445312,36.086917877197266,799.7664794921875,139.8616485595703,142.11038208007812,398.0411071777344,36.92781448364258,148.90133666992188,190.16839599609375,471.7108459472656,123.47223663330078,87.65943908691406,23.976606369018555,51.89727783203125,109.427978515625,40.31966018676758,274.32763671875,54.73517990112305,106.79679870605469
2024-03-28,168.59820556640625,222.11996459960938,36.191898345947266,798.40673828125,144.10076904296875,143.373779296875,400.3800354003906,37.488914489746094,149.11814880371094,190.9118194580078,475.2835693359375,123.65966033935547,88.2782211303711,23.950716018676758,51.812198638916016,110.3877182006836,40.96111297607422,274.38665771484375,55.067710876464844,107.97648620605469
2024-04-01,167.35755920410156,222.0419158935547,35.81013488769531,791.77001953125,140.62625122070312,144.59173583984375,396.3731994628906,37.97393035888672,148.73167419433594,189.61557006835938,472.1549072265625,122.75997924804688,87.68754577636719,23.924821853637695,52.19977569580078,108.92095947265625,40.27384567260742,273.6001281738281,54.73517990112305,108.67317962646484
2024-04-02,167.2927703857422,220.01278686523438,35.600162506103516,782.0209350585938,139.76486206054688,145.2279815673828,393.1524963378906,37.95490264892578,148.68455505371094,189.539306640625,473.17144775390625,122.16019439697266,86.91878509521484,23.778095245361328,51.689308166503906,107.33648681640625,39.61405944824219,273.7574768066406,54.4881477355957,110.80038452148438
2024-04-03,164.18186950683594,221.0858917236328,35.7337760925293,780.3067626953125,138.6615447998047,145.82786560058594,396.8428955078125,38.839351654052734,145.41351318359375,189.0055694580078,471.187744140625,121.73846435546875,87.19068145751953,23.493276596069336,51.85947036743164,107.28215789794922,39.50410461425781,272.30230712890625,54.279136657714844,110.81895446777344
2024-04-04,155.45108032226562,214.8818359375,35.23747634887695,758.55810546875,137.55824279785156,146.05511474609375,389.41412353515625,38.65865707397461,143.7544708251953,187.56752014160156,463.6376037597656,119.63920593261719,86.51564025878906,23.00131607055664,51.301734924316406,105.26309204101562,39.32999038696289,269.3921203613281,53.85159683227539,111.20909881591797
2024-04-05,157.39535522460938,217.6903076171875,35.418819427490234,763.7965087890625,138.90350341796875,146.88221740722656,391.1587219238281,39.21975326538086,143.65078735351562,189.2931671142578,470.92120361328125,119.94847106933594,86.69377136230469,23.009944915771484,52.02016830444336,105.6071548461914,39.43079376220703,272.4793395996094,54.53566360473633,112.74181365966797
2024-04-08,157.210205078125,219.30491638183594,35.791046142578125,769.312744140625,139.29063415527344,146.58229064941406,393.5263366699219,38.953468322753906,142.8966522216797,190.28060913085938,473.253662109375,118.60831451416016,87.3875503540039,22.94089698791504,51.084320068359375,106.43107604980469,40.06308364868164,273.0888977050781,54.90620040893555,111.98009490966797
2024-04-09,157.5249786376953,215.12644958496094,36.010562896728516,769.8682250976562,138.90350341796875,147.2458038330078,393.689208984375,38.97249221801758,143.5565185546875,189.00555419921875,466.6418762207031,118.74889373779297,88.20320892333984,23.1135196685791,51.20719909667969,108.33243560791016,40.26467514038086,272.06634521484375,54.7066764831543,112.56531524658203
2024-04-10,156.4972686767578,212.98341369628906,34.97978210449219,750.4754028320312,135.4386444091797,147.8547821044922,384.1516418457031,39.09612274169922,141.58636474609375,187.39495849609375,463.686767578125,118.786376953125,85.92499542236328,22.716493606567383,51.235565185546875,105.55282592773438,38.514434814453125,269.86407470703125,54.09861755371094,113.5127944946289
2024-04-11,155.09922790527344,213.52163696289062,34.69344711303711,752.6876831054688,135.82577514648438,147.14581298828125,381.0075378417969,38.9344482421875,140.25721740722656,187.3566131591797,462.83685302734375,118.22407531738281,81.41545104980469,22.733760833740234,51.046504974365234,106.58499145507812,38.41363525390625,271.0438537597656,53.861087799072266,113.13195037841797
2024-04-12,151.6509246826172,213.52163696289062,34.158973693847656,731.0826416015625,135.12893676757812,144.48265075683594,373.34869384765625,37.726661682128906,139.06007385253906,175.23878479003906,459.94110107421875,117.83983612060547,80.80606842041016,22.319477081298828,49.15589141845703,104.29430389404297,38.10207748413086,271.31915283203125,53.65206527709961,111.8128890991211
2024-04-15,151.0808868408203,213.71731567382812,34.31167984008789,730.68994140625,134.7030792236328,143.23744201660156,384.2666931152344,37.1845817565918,139.1260528564453,175.3346710205078,454.4164123535156,118.26156616210938,81.55608367919922,22.36263084411621,48.843936920166016,103.44320678710938,37.973785400390625,266.7178649902344,54.12712097167969,111.17194366455078
2024-04-16,151.8938751220703,213.65859985351562,33.09955978393555,717.9339599609375,132.02220153808594,142.04672241210938,380.41326904296875,36.556922912597656,136.16610717773438,173.3310089111328,454.44610595703125,117.20255279541016,83.57179260253906,22.172752380371094,48.59815979003906,101.50564575195312,37.57059097290039,266.7867126464844,53.59505844116211,110.2523193359375
2024-04-17,153.49188232421875,213.00299072265625,33.62449264526367,721.8795166015625,132.37063598632812,142.1558074951172,387.17108154296875,36.176513671875,136.46775817871094,172.64073181152344,454.7821044921875,117.49308013916016,84.45306396484375,21.939716339111328,48.030975341796875,100.85374450683594,36.21438217163086,268.1041259765625,54.32663345336914,110.19658660888672
2024-04-18,153.87503051757812,212.8366241455078,34.13988494873047,715.6641235351562,137.07431030273438,143.21925354003906,386.4042663574219,36.75663375854492,137.38214111328125,173.76242065429688,449.38592529296875,117.36187744140625,84.621826171875,21.91382598876953,48.15386199951172,98.43628692626953,36.141075134277344,266.8063659667969,55.80878829956055,110.09440612792969
2024-04-19,155.5104217529297,226.0863037109375,35.28520202636719,718.2308349609375,138.31314086914062,145.42794799804688,387.2573547363281,37.16556930541992,139.42770385742188,178.1244354248047,450.06787109375,117.87731170654297,84.99683380126953,22.4403076171875,47.12348175048828,98.44535064697266,37.06659698486328,265.2430725097656,57.33844757080078,111.35771942138672
2024-04-22,156.8934783935547,228.00430297851562,36.010562896728516,727.9317626953125,142.5135040283203,147.17308044433594,400.05413818359375,36.82320785522461,140.5683135986328,181.58531188964844,451.41192626953125,118.96443939208984,86.33751678466797,22.664710998535156,46.80207824707031,100.9533462524414,37.61640548706055,267.75018310546875,58.051025390625,111.98937225341797
2024-04-23,158.43539428710938,233.83651733398438,36.621395111083984,734.1663208007812,143.14259338378906,148.0183868408203,406.4284973144531,36.69956588745117,140.98304748535156,184.20252990722656,457.4109802246094,118.90818786621094,87.9031982421875,22.716493606567383,46.83989715576172,101.35171508789062,37.54309844970703,269.500244140625,57.899009704589844,112.42596435546875
2024-04-24,156.8093719482422,233.99305725097656,36.573673248291016,730.508056640625,144.0814208984375,148.67282104492188,405.50830078125,36.82320785522461,140.01211547851562,185.10369873046875,457.0947570800781,119.02066802978516,87.9875717163086,22.6733455657959,46.423954010009766,100.55494689941406,38.12957000732422,270.3949890136719,57.57597351074219,112.4445571899414
2024-04-25,156.332763671875,232.0164031982422,36.18235778808594,725.5761108398438,141.2747039794922,150.22706604003906,402.6422119140625,36.82320785522461,138.40020751953125,185.38169860839844,456.7093200683594,122.50695037841797,86.77815246582031,21.801624298095703,46.73590087890625,98.53589630126953,37.561431884765625,270.53265380859375,56.93940734863281,112.70465850830078
2024-04-26,149.16514587402344,230.5876922607422,36.10600662231445,730.584716796875,141.50698852539062,150.78150939941406,409.8505859375,36.65201950073242,137.75921630859375,185.49676513671875,457.0157165527344,122.95677947998047,87.03128814697266,21.922452926635742,46.509037017822266,103.23497009277344,37.68055725097656,269.90338134765625,56.92041015625,109.57422637939453
2024-04-29,150.94070434570312,233.79734802246094,35.83876419067383,729.052490234375,140.81982421875,151.1814422607422,412.9562683105469,36.97536849975586,138.40020751953125,185.29544067382812,451.75787353515625,121.94464111328125,87.15428924560547,22.129594802856445,46.518489837646484,101.47846984863281,37.83633804321289,267.2684631347656,56.81589126586914,111.13478088378906
2024-04-30,151.98736572265625,229.01219177246094,35.323368072509766,722.6934814453125,138.81637573242188,146.58229064941406,409.02618408203125,35.63444137573242,136.29811096191406,183.8190460205078,445.9267883300781,121.10118865966797,85.95262145996094,22.112335205078125,44.88311004638672,99.20589447021484,37.231536865234375,264.0927429199219,56.3598518371582,109.8621826171875
2024-05-01,151.1276092529297,226.49732971191406,35.26610565185547,719.7630615234375,137.083984375,145.09164428710938,409.25628662109375,34.5502815246582,142.5101776123047,183.93409729003906,436.90350341796875,120.70758056640625,86.61495971679688,23.458751678466797,44.58060836791992,99.8668441772461,37.61640548706055,262.824462890625,56.54986572265625,107.78141784667969
2024-05-02,150.27719116210938,227.51502990722656,35.19929885864258,724.9536743164062,137.2484893798828,146.09146118164062,414.6433410644531,34.902156829833984,141.32241821289062,183.7423553466797,435.9448547363281,120.20149230957031,87.66523742675781,23.90755844116211,44.97764587402344,100.6455078125,37.54309844970703,263.1095886230469,56.84440612792969,107.97648620605469
2024-05-03,153.06202697753906,225.8220977783203,35.55243682861328,731.571044921875,137.8292236328125,145.6551971435547,420.02081298828125,34.93069076538086,140.70970153808594,182.6398468017578,438.39581298828125,119.49862670898438,88.60198211669922,24.002500534057617,45.053260803222656,100.9533462524414,37.94629669189453,263.97479248046875,56.948909759521484,107.75354766845703
2024-05-06,152.07144165039062,229.30577087402344,35.97238540649414,741.8469848632812,138.71963500976562,147.51846313476562,425.2833557128906,35.11138153076172,140.0592803955078,184.06829833984375,444.1181945800781,119.55485534667969,89.69010925292969,24.30457878112793,45.33685302734375,101.41509246826172,38.32200241088867,268.08447265625,57.186431884765625,108.45024108886719
2024-05-07,151.9032440185547,229.6287078857422,36.11555099487305,747.8609619140625,137.974365234375,147.8547821044922,425.40789794921875,35.37766647338867,140.19122314453125,183.8286590576172,447.7650451660156,122.1883316040039,90.63631439208984,23.96797752380371,45.53536605834961,100.72698211669922,38.10207748413086,271.81072998046875,57.25293731689453,107.91146850585938
2024-05-08,149.9407958984375,231.17486572265625,35.99147033691406,745.380615234375,138.2356719970703,147.7366180419922,428.42742919921875,35.22550582885742,140.4080352783203,187.56752014160156,449.4550476074219,121.41046905517578,90.49436950683594,24.399518966674805,45.24232482910156,100.94427490234375,38.20287322998047,272.52850341796875,58.174537658691406,107.89289855957031
2024-05-09,149.89407348632812,234.01263427734375,36.53549575805664,755.7234497070312,137.90660095214844,150.38157653808594,436.68060302734375,35.64394760131836,141.25645446777344,189.3411102294922,450.1666259765625,122.04772186279297,92.83148193359375,24.688636779785156,45.82841110229492,100.77226257324219,38.065425872802734,273.8558349609375,58.556758880615234,110.02009582519531
2024-05-10,150.2211151123047,237.1049041748047,36.69775390625,762.9442138671875,138.5578155517578,150.7178955078125,435.88507080078125,35.2540283203125,141.31300354003906,190.55865478515625,451.6392517089844,121.88841247558594,92.99232482910156,24.539695739746094,45.84732437133789,101.04386901855469,38.34949493408203,276.018798828125,59.1396484375,109.57422637939453
2024-05-13,150.7164306640625,233.5331268310547,36.46868896484375,756.8726806640625,138.20791625976562,149.5453643798828,434.7634582519531,35.51080322265625,142.5478973388672,190.52027893066406,452.4101867675781,121.16677856445312,93.25727081298828,24.916423797607422,46.08364486694336,102.0126724243164,38.01961135864258,274.69146728515625,58.53764724731445,109.52777862548828
2024-05-14,151.006103515625,236.3513946533203,36.735923767089844,768.968017578125,139.06321716308594,148.7091522216797,439.4700012207031,35.720027923583984,142.69871520996094,193.18544006347656,448.8917541503906,120.57637786865234,94.03314208984375,24.863855361938477,45.96075439453125,103.54280853271484,38.44112777709961,273.0692138671875,59.1396484375,110.19266510009766
2024-05-15,153.06202697753906,236.5177459716797,37.13678741455078,781.168701171875,140.29757690429688,148.20016479492188,446.7742004394531,35.52982711791992,143.9147186279297,193.76065063476562,452.6473388671875,123.45347595214844,95.11181640625,25.24934196472168,45.66771697998047,104.19470977783203,38.68854904174805,276.7660217285156,59.56965255737305,111.04483032226562
2024-05-16,153.58535766601562,236.14590454101562,37.43265914916992,773.5169677734375,137.0902099609375,147.89718627929688,445.2692565917969,35.64394760131836,145.432373046875,194.10577392578125,453.5071716308594,122.65690612792969,94.22239685058594,25.336956024169922,45.77170181274414,105.07295989990234,38.166221618652344,275.6430969238281,58.346534729003906,110.37995910644531
2024-05-17,155.51974487304688,237.6137237548828,37.49946975708008,777.8358764648438,137.82888793945312,149.34780883789062,448.336669921875,36.043373107910156,145.77175903320312,196.32994079589844,454.8907775878906,122.94741821289062,94.82797241210938,25.091642379760742,45.93239212036133,105.7157974243164,37.96462631225586,275.89923095703125,58.36565399169922,112.03746795654297
2024-05-20,153.7815704345703,237.1049041748047,37.05088806152344,771.1036987304688,136.6722869873047,147.94309997558594,443.7547302246094,36.10042953491211,143.7476806640625,187.5004119873047,454.2879638671875,122.75997924804688,94.93204498291016,24.995269775390625,45.59208679199219,106.05078887939453,37.46979522705078,274.3626403808594,58.00253677368164,111.12910461425781
2024-05-21,152.2583465576172,237.86817932128906,37.84306335449219,770.8546142578125,136.47789001464844,146.86891174316406,450.9151916503906,35.786598205566406,143.7191619873047,191.27764892578125,453.7345275878906,122.54442596435547,96.06748962402344,25.021554946899414,45.648807525634766,106.50350952148438,37.735538482666016,271.81146240234375,58.72876739501953,110.36122131347656
2024-05-22,149.15582275390625,234.94227600097656,37.94805145263672,765.759765625,135.5157012939453,144.6654510498047,443.2179870605469,34.588321685791016,145.86679077148438,190.11764526367188,451.18463134765625,122.86307525634766,95.31998443603516,25.932703018188477,43.937808990478516,106.54876708984375,37.35983657836914,271.4469909667969,58.22231674194336,108.14181518554688
2024-05-23,147.89425659179688,230.4115447998047,37.38493347167969,751.33740234375,133.63014221191406,144.08706665039062,439.1632385253906,34.21742630004883,142.2557373046875,188.7850341796875,445.9366760253906,122.85369110107422,93.597900390625,25.13545036315918,43.786556243896484,105.85160827636719,36.67256164550781,270.1172790527344,57.027870178222656,106.29700469970703
2024-05-24,146.77281188964844,233.07321166992188,37.890785217285156,748.799560546875,133.75650024414062,144.8307342529297,442.0676574707031,34.341060638427734,139.6614990234375,192.41848754882812,445.9070129394531,121.3542251586914,93.64520263671875,25.301908493041992,43.710933685302734,107.01957702636719,37.1399040222168,270.3733215332031,57.53430938720703,106.21272277832031
2024-05-28,145.1654815673828,232.16319274902344,37.52811050415039,738.7534790039062,132.78457641601562,146.01507568359375,440.7544860839844,34.73097610473633,137.20028686523438,191.25848388671875,439.8783264160156,118.1678466796875,93.3613510131836,24.79376983642578,43.985069274902344,105.32647705078125,36.4434700012207,266.916015625,56.83674621582031,107.56121826171875
2024-05-29,144.6514892578125,230.88125610351562,36.95545196533203,724.5513916015625,131.84178161621094,144.05032348632812,438.2238464355469,34.05575942993164,137.25732421875,189.9259033203125,437.298828125,117.98979187011719,92.03666687011719,24.373239517211914,43.143741607666016,104.35768127441406,35.7745361328125,264.8277587890625,56.13919448852539,106.40936279296875
2024-05-30,146.0719451904297,232.13380432128906,36.86954879760742,729.6078491210938,132.35691833496094,145.29896545410156,434.18316650390625,34.19840621948242,138.0555419921875,191.09548950195312,436.9331359863281,116.70585632324219,91.99883270263672,24.706157684326172,43.09648132324219,104.62024688720703,36.086097717285156,267.2311706542969,56.578739166259766,106.74649810791016
2024-05-31,150.67906188964844,234.8542022705078,38.167572021484375,739.3472900390625,133.7662353515625,149.00808715820312,440.2490234375,34.902156829833984,139.37640380859375,194.25918579101562,441.8450622558594,117.65239715576172,92.57601928710938,25.10916519165039,43.38007736206055,106.6845932006836,37.15822982788086,268.373779296875,57.257198333740234,109.8087158203125
2024-06-03,149.6977996826172,231.8011016845703,38.062583923339844,744.4612426757812,133.27052307128906,144.5644989013672,438.763916015625,33.03817367553711,140.39321899414062,193.48263549804688,438.0104064941406,120.3514404296875,92.16914367675781,25.678632736206055,41.65961837768555,105.77918243408203,36.40681838989258,266.3249816894531,56.70296859741211,107.1772689819336
2024-06-04,151.52008056640625,232.16319274902344,37.87169647216797,752.0460205078125,130.7046661376953,143.34341430664062,439.0724792480469,32.21079635620117,140.45021057128906,190.9325408935547,439.5719909667969,120.62323760986328,91.38379669189453,25.836332321166992,41.03571701049805,105.54376983642578,35.701229095458984,268.33441162109375,56.09141540527344,105.5103759765625
2024-06-05,154.60397338867188,229.65806579589844,38.13893508911133,755.4839477539062,131.6765899658203,142.28758239746094,445.22509765625,32.00050735473633,138.7112274169922,189.11102294921875,441.4398498535156,121.31674194335938,91.4594955444336,25.888898849487305,41.09755325317383,105.80635070800781,35.811187744140625,270.3831787109375,56.072303771972656,105.9317855834961
2024-06-06,157.52896118164062,228.3468017578125,37.890785217285156,745.5721435546875,132.54159545898438,143.15977478027344,441.7726745605469,32.32548522949219,139.1388702392578,188.77548217773438,443.436279296875,122.31951141357422,91.63926696777344,25.231821060180664,41.53516387939453,105.23592376708984,35.75620651245117,272.8851013183594,55.164520263671875,106.72776794433594
2024-06-07,158.32327270507812,227.68138122558594,38.198062896728516,741.0028686523438,135.8753204345703,143.29750061035156,438.6964111328125,32.57400131225586,139.76602172851562,191.6898956298828,444.5332336425781,122.4600830078125,91.91366577148438,25.039077758789062,42.38185119628906,104.62024688720703,35.75620651245117,274.4906005859375,55.76652145385742,105.58529663085938
2024-06-10,159.29513549804688,227.456298828125,38.092430114746094,738.5736083984375,136.94442749023438,143.90345764160156,437.3848571777344,32.98499298095703,139.81356811523438,191.36392211914062,443.9996032714844,123.22858428955078,91.20401763916016,24.592262268066406,42.790924072265625,104.1856460571289,35.508792877197266,270.9150390625,55.355628967285156,105.89433288574219
2024-06-11,156.71591186523438,219.7158966064453,37.31464767456055,730.3411865234375,131.3461151123047,143.67391967773438,428.43560791015625,32.95632553100586,139.46192932128906,186.330810546875,443.79205322265625,123.55657196044922,90.29566192626953,24.557222366333008,42.77189636230469,103.66050720214844,35.233882904052734,270.5506591796875,54.591182708740234,105.04216766357422
2024-06-12,155.21136474609375,219.2364044189453,37.842769622802734,742.3717041015625,133.25111389160156,141.58984375,432.7077331542969,33.03278732299805,138.17906188964844,183.61773681640625,437.8226013183594,122.01960754394531,90.50383758544922,24.233060836791992,42.534061431884766,107.19161987304688,35.99445343017578,266.265869140625,54.75362777709961,103.88095092773438
2024-06-13,155.6505889892578,217.4260711669922,37.698734283447266,741.9862060546875,131.29751586914062,140.3228759765625,430.4414978027344,32.27770233154297,138.21707153320312,185.6597442626953,439.79931640625,121.24175262451172,90.08750915527344,24.22429847717285,41.6778678894043,105.54376983642578,35.976131439208984,267.1228332519531,54.7249641418457,103.04750061035156
2024-06-14,157.54762268066406,219.9996795654297,37.679534912109375,741.6198120117188,129.94656372070312,140.07496643066406,430.5475769042969,31.465259552001953,138.3026123046875,185.77476501464844,439.4336242675781,121.34485626220703,90.36189270019531,24.119169235229492,40.90728759765625,105.1502685546875,35.58210754394531,266.60076904296875,54.84918975830078,102.17659759521484
2024-06-17,158.56622314453125,223.37571716308594,37.93879699707031,752.9466552734375,133.25111389160156,140.64418029785156,434.13494873046875,31.93360710144043,138.69223022460938,186.92520141601562,442.8729248046875,120.20409393310547,91.8190689086914,23.637311935424805,41.506629943847656,107.10867309570312,35.82035446166992,267.1031188964844,55.65185546875,101.47425842285156
2024-06-18,160.13619995117188,224.39341735839844,38.39970779418945,755.4240112304688,133.48435974121094,140.77272033691406,441.1265869140625,31.484375,138.40713500976562,188.86175537109375,444.8495788574219,120.66605377197266,92.32054901123047,24.014036178588867,42.27720260620117,107.59370422363281,36.003623962402344,269.516357421875,56.42585754394531,102.429443359375
2024-06-20,160.8557586669922,225.2741241455078,38.39970779418945,754.6336059570312,134.25218200683594,143.8116455078125,441.7244567871094,31.857141494750977,140.4312286376953,190.46275329589844,447.22149658203125,122.24993133544922,92.19754028320312,24.303150177001953,43.247562408447266,108.16109466552734,35.99445343017578,272.66839599609375,56.33986282348633,104.63948059082031
2024-06-21,159.229736328125,225.44046020507812,37.91958999633789,759.231689453125,132.9303741455078,142.56300354003906,434.13494873046875,32.1534423828125,141.3529510498047,188.19065856933594,449.5341491699219,123.23983764648438,90.98639678955078,24.303150177001953,43.437828063964844,108.37156677246094,36.379329681396484,271.0924377441406,55.51807403564453,103.72174835205078
2024-06-24,161.42579650878906,226.50709533691406,38.42851638793945,770.1729125976562,133.81483459472656,146.2629852294922,445.6204833984375,32.822509765625,141.70457458496094,190.66409301757812,451.6195068359375,125.35166931152344,91.87582397460938,24.846332550048828,45.169254302978516,108.79253387451172,37.15822982788086,272.1561584472656,56.387638092041016,106.80268096923828
2024-06-25,159.56614685058594,225.6459503173828,37.813968658447266,765.7771606445312,131.07400512695312,145.4825897216797,441.0783996582031,33.09013366699219,139.8705596923828,189.88754272460938,450.3248291015625,125.31393432617188,92.53816223144531,24.522174835205078,45.207305908203125,107.44728088378906,36.67256164550781,269.4277038574219,54.65807342529297,107.10235595703125
2024-06-26,159.93994140625,225.7340545654297,37.44907760620117,759.0872192382812,132.9303741455078,143.17813110351562,439.612548828125,32.52620315551758,139.5189666748047,189.27398681640625,447.0930480957031,123.9751968383789,91.6771240234375,24.022796630859375,43.9800910949707,106.62364959716797,36.388492584228516,269.4967041015625,54.47651290893555,107.13981628417969
2024-06-27,157.92141723632812,223.50289916992188,37.68913650512695,752.994873046875,130.26730346679688,143.51783752441406,430.06536865234375,32.12477493286133,138.5496826171875,190.94210815429688,437.5755615234375,122.39134979248047,90.61737060546875,24.355716705322266,44.72212219238281,105.63529205322266,36.36100387573242,262.5918884277344,54.86829376220703,107.59867095947266
2024-06-28,160.2857208251953,226.58538818359375,38.18845748901367,758.9618530273438,134.56320190429688,143.60964965820312,436.1986999511719,32.28725814819336,138.8917999267578,193.90444946289062,436.004150390625,116.7158203125,91.96097564697266,24.513412475585938,44.88385772705078,105.52546691894531,36.834190368652344,258.5335693359375,56.7507438659668,107.80469512939453
2024-07-01,159.2110137939453,228.7969207763672,38.41891098022461,754.09375,135.77810668945312,143.70147705078125,447.1345520019531,31.952722549438477,139.15785217285156,196.96267700195312,432.49560546875,120.5811996459961,93.82499694824219,24.72368049621582,44.31305694580078,104.1893539428711,36.40739059448242,259.29205322265625,57.89741897583008,107.65486145019531
2024-07-02,155.0898895263672,230.9105987548828,39.302330017089844,760.7067260742188,136.5362091064453,143.91261291503906,449.0150146484375,32.13432693481445,138.76824951171875,200.20303344726562,439.453369140625,120.4114990234375,94.28861999511719,24.38199806213379,44.417701721191406,104.8757095336914,37.084693908691406,264.20721435546875,58.26053237915039,106.92443084716797
2024-07-03,153.10874938964844,230.6562042236328,39.273521423339844,760.697021484375,134.53404235839844,143.87591552734375,451.24267578125,32.28725814819336,138.44515991210938,200.06883239746094,442.942138671875,118.64850616455078,94.80903625488281,24.268104553222656,45.007530212402344,105.9464340209961,36.65789794921875,264.9558410644531,57.96430969238281,107.46757507324219
2024-07-05,156.29539489746094,231.26470947265625,38.80300521850586,762.1237182617188,132.18199157714844,141.67245483398438,448.1856384277344,31.63730239868164,139.1958465576172,197.41783142089844,444.23675537109375,119.21417999267578,94.23185729980469,24.574737548828125,43.89447021484375,105.04959106445312,36.221832275390625,266.30523681640625,56.97053146362305,106.16590118408203
2024-07-08,155.61318969726562,230.16543579101562,39.00465393066406,761.7284545898438,131.997314453125,141.69082641601562,448.253173828125,31.74244499206543,138.24557495117188,197.7841339111328,441.02471923828125,118.58251190185547,95.17805480957031,24.4696102142334,43.98960494995117,104.93978118896484,36.61151123046875,262.4046325683594,56.387638092041016,105.051513671875
2024-07-09,157.04299926757812,233.34542846679688,39.7728385925293,773.383056640625,133.14419555664062,140.4513702392578,455.97772216796875,31.379236221313477,139.7375030517578,200.15557861328125,440.15374755859375,118.82763671875,97.0893783569336,24.285627365112305,43.00021743774414,104.75675201416016,36.991920471191406,261.4590759277344,57.218971252441406,103.89031219482422
2024-07-10,157.12710571289062,234.50355529785156,40.080116271972656,782.7529296875,132.77487182617188,142.42530822753906,461.82171630859375,31.560848236083984,141.99916076660156,200.31947326660156,429.20684814453125,120.01554107666016,97.89363861083984,24.837574005126953,43.076324462890625,106.23013305664062,37.854774475097656,259.0556640625,57.06608581542969,104.80804443359375
2024-07-11,158.7811737060547,234.32691955566406,40.147335052490234,795.1593627929688,135.08804321289062,142.54464721679688,462.1496276855469,32.13432693481445,142.2557373046875,199.98207092285156,431.9584045410156,121.58997344970703,99.0101547241211,25.10916519165039,43.94203567504883,107.2276382446289,38.9032096862793,258.61236572265625,57.48653030395508,106.05353546142578
2024-07-12,159.12693786621094,234.20912170410156,39.93608093261719,798.1476440429688,134.52432250976562,142.84764099121094,462.77642822265625,32.440185546875,142.42678833007812,197.56243896484375,435.6106872558594,120.44921112060547,98.48974609375,25.336956024169922,44.16084289550781,108.0055160522461,39.06093215942383,261.7545166015625,54.02740478515625,106.07225036621094
2024-07-15,158.46676635742188,239.47962951660156,40.224151611328125,793.3181762695312,140.55026245117188,145.0969696044922,474.6862487792969,33.673179626464844,141.81861877441406,202.48846435546875,439.4609680175781,120.78861236572266,99.59678649902344,25.494653701782227,45.62588882446289,108.66441345214844,39.29288864135742,264.4239196777344,55.164520263671875,107.88897705078125
2024-07-16,159.57017517089844,245.00534057617188,42.37507629394531,813.5423583984375,145.3612823486328,144.84910583496094,485.0916748046875,34.37092208862305,143.50057983398438,205.92994689941406,438.9957275390625,118.26197052001953,100.5051498413086,25.845096588134766,46.348907470703125,110.50386047363281,40.165035247802734,265.2119445800781,57.5629768371582,108.6662368774414
2024-07-17,165.29470825195312,245.32923889160156,42.23103713989258,810.795166015625,145.27381896972656,148.02574157714844,484.2816467285156,34.75325012207031,148.79360961914062,209.06295776367188,446.5477294921875,118.68621826171875,101.20533752441406,26.309429168701172,46.52014923095703,108.12449645996094,41.992828369140625,268.6102600097656,58.20320129394531,110.1645736694336
2024-07-18,161.3997802734375,244.5832977294922,41.29960632324219,799.140625,144.54489135742188,148.70513916015625,468.88079833984375,34.829708099365234,147.6912841796875,202.42098999023438,444.1326904296875,117.14007568359375,99.17101287841797,26.029075622558594,46.348907470703125,106.76091766357422,41.204185485839844,265.1133728027344,56.607418060302734,111.2508544921875
2024-07-19,162.51260375976562,237.8896484375,41.193992614746094,800.7794189453125,143.13558959960938,146.1160888671875,467.6464538574219,32.879859924316406,146.99758911132812,202.22817993164062,439.15411376953125,118.57308197021484,96.59735107421875,26.256864547729492,47.25267028808594,105.04959106445312,41.5289192199707,261.478759765625,56.597862243652344,108.69432830810547
2024-07-22,163.7292022705078,240.2157440185547,40.61784744262695,812.86767578125,141.03622436523438,144.1329803466797,469.6812438964844,31.914487838745117,146.56997680664062,202.71022033691406,443.3606262207031,118.49766540527344,96.92852783203125,25.932703018188477,47.03385925292969,106.12946319580078,41.7887077331543,263.69500732421875,56.51185989379883,107.94515991210938
2024-07-23,163.2953643798828,242.3258819580078,40.72346878051758,814.2654418945312,141.41529846191406,141.47048950195312,474.6091003417969,32.01007080078125,144.77395629882812,202.75840759277344,437.2042541503906,117.26262664794922,97.93148803710938,25.845096588134766,46.662841796875,107.08121490478516,42.26189422607422,260.8188171386719,57.01830291748047,106.203369140625
2024-07-24,166.1812286376953,236.52542114257812,40.51221466064453,797.839111328125,142.29974365234375,142.37022399902344,469.3533935546875,31.532167434692383,148.50851440429688,201.08102416992188,428.02899169921875,118.71450805664062,96.48381042480469,26.265625,45.69248962402344,104.67438507080078,41.53820037841797,250.35809326171875,56.79853057861328,107.70169067382812
2024-07-25,171.80201721191406,235.73040771484375,40.02250289916992,806.408935546875,143.93255615234375,144.63792419433594,474.184814453125,32.65046691894531,151.7014617919922,201.15814208984375,425.2081298828125,118.64850616455078,97.98826599121094,26.440845489501953,45.882755279541016,105.69020080566406,41.83509826660156,249.9345245361328,57.04697799682617,109.96790313720703
2024-07-26,174.62184143066406,241.33462524414062,40.012901306152344,825.3609008789062,145.1669158935547,144.91336059570312,481.243896484375,32.879859924316406,152.65171813964844,204.5996551513672,433.7004089355469,118.09228515625,98.58436584472656,27.33820152282715,46.45355224609375,102.56954956054688,42.17838668823242,255.5687255859375,57.7063102722168,109.87427520751953
2024-07-29,171.58511352539062,243.2975616455078,39.455963134765625,831.0966186523438,144.8753662109375,143.77490234375,475.1587829589844,32.38283920288086,150.67515563964844,203.25970458984375,436.7885437011719,120.46806335449219,96.96637725830078,27.293773651123047,45.530757904052734,103.50299835205078,42.094886779785156,257.6766662597656,56.941864013671875,108.72242736816406
2024-07-30,176.14964294433594,247.8025360107422,39.63840866088867,841.16064453125,147.97579956054688,146.50167846679688,487.6472473144531,32.784278869628906,153.3074188232422,207.44345092773438,442.8757019042969,108.65508270263672,98.17749786376953,27.889047622680664,45.292930603027344,103.1369400024414,42.18767166137695,259.15411376953125,57.34319305419922,110.660888671875
2024-07-31,174.7727508544922,248.3521728515625,38.70698165893555,844.9297485351562,147.14962768554688,147.32797241210938,490.8874816894531,33.147491455078125,150.00047302246094,205.13951110839844,458.9693908691406,106.65638732910156,98.53551483154297,27.133852005004883,45.93983459472656,104.51880645751953,41.6402587890625,261.6856384277344,56.70296859741211,111.05419158935547
2024-08-01,178.9128875732422,244.07293701171875,37.92919158935547,834.1813354492188,139.8504638671875,140.120849609375,482.2950744628906,31.7711238861084,152.7657470703125,200.4737548828125,457.6827087402344,107.30690002441406,97.15119171142578,27.231582641601562,44.38916778564453,102.5238037109375,40.34132385253906,261.94171142578125,54.352298736572266,109.51839447021484
2024-08-02,178.51678466796875,227.97674560546875,36.085548400878906,815.547607421875,132.2986297607422,136.3842010498047,453.86578369140625,30.413867950439453,155.9776611328125,191.97122192382812,457.29669189453125,108.60794067382812,91.50886535644531,27.03611946105957,42.74335479736328,97.43558502197266,39.29288864135742,262.5818786621094,50.893157958984375,109.4528579711914
2024-08-05,173.8673553466797,221.73458862304688,35.19253158569336,800.8372192382812,127.73054504394531,132.81275939941406,442.65985107421875,29.515409469604492,153.23138427734375,187.88385009765625,437.4813537597656,105.88330841064453,87.90006256103516,26.42307472229004,41.63981246948242,94.40644836425781,37.854774475097656,252.5940399169922,49.80382537841797,107.47693634033203
2024-08-06,175.14053344726562,226.8382568359375,35.4517936706543,810.6698608398438,129.9368438720703,131.4998779296875,453.4607238769531,29.563199996948242,151.06475830078125,193.1280059814453,443.7169494628906,104.78968048095703,88.75930786132812,26.049917221069336,41.28782272338867,95.07449340820312,38.6619758605957,254.3867645263672,50.03316116333008,106.90570831298828
2024-08-07,176.83807373046875,224.5612335205078,35.81668472290039,809.5901489257812,128.5761260986328,130.7470245361328,456.1512756347656,29.381595611572266,150.99822998046875,193.1858367919922,445.2412414550781,106.05300903320312,87.93824768066406,25.63233757019043,40.77409744262695,94.10444641113281,38.40218734741211,252.67283630371094,49.966270446777344,108.32910919189453
2024-08-08,179.5635986328125,229.21337890625,36.690494537353516,824.0402221679688,130.59774780273438,132.65667724609375,468.4564514160156,29.84994125366211,152.25259399414062,196.71408081054688,450.9225158691406,107.40117645263672,90.3441162109375,25.55237579345703,41.56370162963867,95.94389343261719,38.745479583740234,255.93319702148438,50.41537857055664,110.39867401123047
2024-08-09,179.120361328125,233.44357299804688,36.75770950317383,825.3705444335938,131.02537536621094,133.11575317382812,472.78643798828125,29.630104064941406,152.63270568847656,198.3914794921875,452.1102600097656,107.99513244628906,90.43004608154297,25.36579704284668,41.430519104003906,96.41060638427734,39.03310012817383,256.3773498535156,50.80052185058594,111.29766082763672
2024-08-12,179.3561553955078,232.6584014892578,36.65208435058594,808.0767211914062,128.98497009277344,133.14329528808594,468.1961364746094,29.99331283569336,151.9294891357422,198.76744079589844,451.03143310546875,106.98636627197266,90.54460144042969,25.276952743530273,41.763484954833984,95.76085662841797,38.47641372680664,256.50567626953125,50.126522064208984,111.43814849853516
2024-08-13,180.3463592529297,234.56243896484375,36.9305534362793,823.8088989257812,130.8203582763672,132.34451293945312,474.4065856933594,29.716127395629883,150.51361083984375,200.45443725585938,454.6639099121094,107.84428405761719,92.32990264892578,25.63233757019043,41.63981246948242,96.48382568359375,39.33928298950195,256.7425231933594,50.90644454956055,110.3705825805664
2024-08-14,182.015625,239.24407958984375,37.266632080078125,826.6333618164062,132.72410583496094,132.82191467285156,480.9256896972656,29.505849838256836,150.59913635253906,202.67164611816406,455.4557189941406,107.08062744140625,94.93626403808594,25.65899085998535,41.649322509765625,96.94140625,39.28361892700195,257.7393493652344,51.6671028137207,111.39131927490234
2024-08-15,182.3928680419922,244.8777618408203,37.477882385253906,840.6495971679688,133.8565673828125,134.7775115966797,481.2342529296875,29.89773178100586,151.17880249023438,203.93446350097656,463.91827392578125,106.82608795166016,96.08191680908203,25.507951736450195,42.84800338745117,99.05538177490234,39.719688415527344,263.3256530761719,52.543304443359375,112.08043670654297
2024-08-16,182.86441040039062,247.0468292236328,37.77555847167969,841.0641479492188,136.24842834472656,135.20901489257812,486.2875061035156,29.99331283569336,151.46388244628906,206.2673797607422,464.0865783691406,107.16548156738281,96.8456802368164,25.143680572509766,42.60065841674805,99.54957580566406,40.07225036621094,263.8981018066406,53.27507781982422,111.55180358886719
2024-08-19,185.66537475585938,249.34344482421875,38.092430114746094,838.8663330078125,139.53846740722656,136.31378173828125,486.6925048828125,30.442543029785156,151.69195556640625,207.69407653808594,462.20599365234375,107.87257385253906,97.14163970947266,25.587913513183594,43.152427673339844,100.12611389160156,40.50832748413086,262.99993896484375,54.353485107421875,111.89163208007812
2024-08-20,184.98635864257812,248.3914337158203,37.15140151977539,829.9590454101562,138.1521453857422,134.32704162597656,479.6141052246094,29.706571578979492,152.19558715820312,206.79754638671875,464.3241271972656,108.5513687133789,96.215576171875,25.6767635345459,41.88715362548828,99.30248260498047,40.58255386352539,264.54949951171875,54.06462478637695,108.1628646850586
2024-08-21,185.3447265625,241.73703002929688,37.20901870727539,832.0027465820312,136.46322631835938,134.9119415283203,478.7655029296875,29.830825805664062,153.40243530273438,206.8746795654297,463.215576171875,109.39044189453125,96.12965393066406,25.79226303100586,42.04888153076172,100.25423431396484,40.54543685913086,264.7074279785156,53.400245666503906,107.4737319946289
2024-08-22,185.19381713867188,243.1699676513672,37.679534912109375,834.0753173828125,136.1703338623047,135.2925567626953,480.0094909667969,29.773475646972656,154.2766876220703,208.8316192626953,464.0272216796875,109.88067626953125,96.00553894042969,25.570144653320312,41.972782135009766,99.96138763427734,41.000064849853516,264.4508361816406,53.88167953491211,108.30445098876953
2024-08-23,186.30667114257812,246.6444091796875,38.18845748901367,851.0414428710938,139.15774536132812,137.0471954345703,491.2635803222656,30.35651969909668,155.96817016601562,210.4511260986328,461.6714782714844,109.92782592773438,97.27530670166016,25.6767635345459,42.92410659790039,100.31828308105469,42.11343765258789,263.95733642578125,54.59419250488281,109.80540466308594
2024-08-26,186.20294189453125,249.17662048339844,38.33248519897461,851.3305053710938,139.1382293701172,137.8641815185547,489.7688293457031,30.46166229248047,156.42430114746094,211.28016662597656,463.8490295410156,109.61670684814453,97.69537353515625,25.694534301757812,43.38074493408203,100.00713348388672,42.326839447021484,264.7172546386719,54.61345672607422,112.15595245361328
2024-08-27,184.76947021484375,250.30528259277344,38.092430114746094,854.2128295898438,139.00152587890625,136.42518615722656,489.1805725097656,30.222707748413086,156.02215576171875,212.25381469726562,470.13409423828125,109.83353424072266,97.45669555664062,25.605684280395508,42.84800338745117,98.74424743652344,42.428897857666016,267.19464111328125,54.17053985595703,111.08924102783203
2024-08-28,184.279052734375,252.3271026611328,38.36130142211914,856.6516723632812,140.7295379638672,135.54324340820312,485.390625,29.630104064941406,156.950927734375,213.3238525390625,466.9767150878906,110.68205261230469,97.5712661743164,25.54349136352539,41.61127853393555,98.3873291015625,42.80002212524414,265.6845397949219,54.95045471191406,109.99420928955078
2024-08-29,184.07156372070312,255.0261688232422,38.57255172729492,862.6381225585938,141.92056274414062,136.8615264892578,491.91937255859375,29.99331283569336,157.2477264404297,214.2107391357422,475.8846740722656,110.73860931396484,97.95314025878906,25.516836166381836,42.02985763549805,96.05370330810547,43.17115020751953,270.74774169921875,55.220054626464844,111.5140380859375
2024-08-30,185.13723754882812,253.85824584960938,39.12948226928711,869.3280639648438,143.44354248046875,137.3535614013672,494.97503662109375,29.716127395629883,158.8084259033203,216.70750427246094,478.39874267578125,111.67195892333984,98.91740417480469,25.774494171142578,41.84910583496094,97.04206085205078,43.820621490478516,272.7709655761719,56.2984619140625,111.33468627929688
2024-09-03,186.43870544433594,249.5986328125,39.08147430419922,854.5020751953125,142.14512634277344,134.29920959472656,472.8672790527344,28.530927658081055,160.05319213867188,212.36947631835938,477.1911926269531,109.90896606445312,94.77397155761719,25.143680572509766,40.231842041015625,95.61444091796875,43.041255950927734,274.91278076171875,56.20217514038086,109.00301361083984
2024-09-04,185.79742431640625,247.07626342773438,38.889427185058594,854.5599365234375,140.3585662841797,131.89471435546875,475.95208740234375,28.280990600585938,160.24464416503906,211.4344024658203,478.2008056640625,109.1736068725586,95.61410522460938,25.223642349243164,39.566341400146484,95.74256896972656,42.735076904296875,276.83734130859375,55.96146011352539,107.6719741821289
2024-09-05,181.88360595703125,247.17440795898438,38.54374313354492,845.0646362304688,138.71841430664062,130.8363494873047,473.2747497558594,27.944541931152344,157.97544860839844,209.79563903808594,472.4798583984375,111.80393981933594,95.05083465576172,25.330259323120117,39.470584869384766,95.28498840332031,42.25261688232422,274.99169921875,54.748252868652344,106.83182525634766
2024-09-06,182.3928680419922,239.53851318359375,37.461273193359375,835.6947631835938,135.70172119140625,128.6361083984375,465.25225830078125,27.483125686645508,157.39137268066406,204.8117218017578,471.2525634765625,111.09686279296875,92.21533966064453,25.374683380126953,38.89604568481445,93.0611801147461,41.27841567993164,275.73193359375,51.99447250366211,106.33151245117188
2024-09-09,185.24099731445312,246.2714385986328,38.147483825683594,851.326171875,139.21630859375,130.25148010253906,473.944091796875,27.56964111328125,159.52655029296875,209.005126953125,482.1104736328125,108.80592346191406,93.73333740234375,26.1298828125,38.69496154785156,94.75420379638672,41.992828369140625,281.89068603515625,52.56256103515625,108.56877136230469
2024-09-10,188.00425720214844,240.8733367919922,37.96384811401367,857.0375366210938,134.71572875976562,128.3297119140625,453.1458740234375,27.213964462280273,160.26380920410156,198.1601104736328,483.0308837890625,108.7304916381836,92.2439956665039,26.42307472229004,37.909759521484375,94.93722534179688,41.7794303894043,281.6242370605469,51.946327209472656,104.61344146728516
2024-09-11,183.51515197753906,249.47105407714844,37.693233489990234,850.531005859375,133.22198486328125,128.0048065185547,457.0649719238281,26.887128829956055,157.81265258789062,199.76998901367188,483.18927001953125,108.1459732055664,92.63541412353516,26.35199737548828,37.89060974121094,95.27584075927734,41.51964569091797,280.2621765136719,51.734500885009766,103.5750503540039
2024-09-12,182.9775848388672,250.42306518554688,37.480594635009766,858.2884521484375,134.27635192871094,129.2395477294922,459.8684387207031,26.93519401550293,157.6403045654297,199.1626739501953,487.0790710449219,108.65508270263672,92.26307678222656,25.907764434814453,38.11084747314453,95.97135162353516,40.684608459472656,281.6538391113281,49.654720306396484,105.00048828125
2024-09-13,183.15676879882812,254.20175170898438,37.35496139526367,858.8800048828125,135.6724395751953,130.53927612304688,464.6508483886719,26.791000366210938,158.48287963867188,196.96475219726562,488.3162841796875,109.23016357421875,93.80016326904297,26.0054988861084,38.264060974121094,96.8326187133789,41.39902877807617,283.60809326171875,50.819786071777344,104.92496490478516
2024-09-16,184.59027099609375,256.2530212402344,37.789878845214844,868.0435791015625,137.60545349121094,131.9132843017578,470.6361389160156,27.310096740722656,159.89039611816406,200.3773193359375,492.6217956542969,111.95404815673828,95.55681610107422,26.71626853942871,38.685386657714844,98.04580688476562,41.46397399902344,286.69732666015625,51.792274475097656,106.3975830078125
2024-09-17,182.44004821777344,260.4831848144531,38.22480010986328,877.100341796875,141.63746643066406,133.13873291015625,470.8592834472656,28.16563606262207,159.96701049804688,201.71728515625,495.8683166503906,112.26724243164062,95.31814575195312,26.50303840637207,39.73870086669922,99.94429779052734,41.45469284057617,287.7632141113281,52.48552703857422,107.78526306152344
2024-09-18,181.9590301513672,257.32281494140625,38.292449951171875,894.7390747070312,141.97915649414062,133.6493377685547,470.073486328125,27.97338104248047,159.0861053466797,200.05918884277344,489.7020263671875,112.59942626953125,94.8026123046875,26.431962966918945,39.66209411621094,100.13878631591797,41.918601989746094,284.72332763671875,52.244815826416016,108.1628646850586
2024-09-19,182.60035705566406,263.7711486816406,39.50056838989258,906.5303344726562,149.41836547851562,134.60557556152344,488.7471923828125,28.38673210144043,157.81265258789062,202.90301513671875,487.9698791503906,111.26121520996094,96.1678466796875,26.35199737548828,40.935646057128906,102.37994384765625,43.11548614501953,281.5255432128906,53.72761917114258,109.50333404541016
2024-09-20,182.4589080810547,264.00665283203125,38.920677185058594,900.6347045898438,148.66661071777344,135.2461395263672,483.50885009765625,28.329057693481445,157.18072509765625,203.49102783203125,487.70263671875,111.20426177978516,97.82904052734375,26.138765335083008,40.610076904296875,100.28694915771484,42.68868637084961,281.0616455078125,54.19942855834961,108.814208984375
2024-09-23,182.79840087890625,262.3479309082031,38.53407669067383,909.1873779296875,147.6610565185547,136.97291564941406,482.5194091796875,28.790470123291016,156.28067016601562,203.8284454345703,492.05767822265625,109.74268341064453,97.82904052734375,26.041032791137695,41.07928466796875,100.11100006103516,42.54951858520508,284.87139892578125,53.06325149536133,110.78716278076172
2024-09-24,182.49659729003906,261.2781677246094,38.128150939941406,912.6975708007812,143.8535919189453,136.889404296875,483.11114501953125,28.809696197509766,155.85939025878906,203.97303771972656,482.4271545410156,109.10678100585938,97.9340591430664,26.2098445892334,41.1558837890625,101.37975311279297,42.34539794921875,269.227783203125,52.148529052734375,110.4945297241211
2024-09-25,180.37466430664062,261.2389221191406,37.93485641479492,908.4017944335938,142.85780334472656,133.65863037109375,476.4371337890625,27.752283096313477,153.77206420898438,202.62344360351562,484.4462890625,108.88851165771484,97.70491790771484,25.703418731689453,40.035545349121094,99.51829528808594,41.51964569091797,266.1187744140625,51.61895751953125,108.34221649169922
2024-09-26,180.97824096679688,263.1822204589844,38.19580841064453,916.3726806640625,144.27337646484375,131.8204345703125,482.04412841796875,26.73332405090332,154.5284881591797,202.22817993164062,486.2476501464844,107.33198547363281,99.86255645751953,25.738954544067383,39.422698974609375,101.29639434814453,42.02994155883789,268.1519470214844,54.29570770263672,106.48255920410156
2024-09-27,183.70375061035156,266.0382995605469,38.079833984375,916.5569458007812,145.55230712890625,135.06976318359375,483.58648681640625,27.540803909301758,154.53802490234375,202.9222869873047,488.5934753417969,107.90145874023438,99.39476013183594,25.845569610595703,40.49517059326172,101.41678619384766,42.19694900512695,271.5867004394531,53.82390594482422,109.33340454101562
2024-09-30,186.24066162109375,266.17572021484375,38.35044479370117,920.7266235351562,146.17710876464844,136.72227478027344,480.2882385253906,27.925315856933594,155.16998291015625,203.26931762695312,488.75177001953125,107.77806854248047,99.51887512207031,25.712297439575195,40.16960144042969,100.8796615600586,42.90053939819336,271.3695373535156,54.39200210571289,110.65499114990234
2024-10-01,185.75025939941406,263.6239013671875,37.90585708618164,905.7060546875,143.31661987304688,138.9782257080078,475.4961853027344,28.7712459564209,155.1029815673828,199.58682250976562,491.3054504394531,108.89797973632812,99.69071197509766,25.472412109375,41.3090934753418,99.19416046142578,41.70912170410156,273.98504638671875,53.33285140991211,113.21322631835938
2024-10-02,185.6182098388672,265.9009094238281,37.915523529052734,928.2319946289062,143.04330444335938,140.13870239257812,477.26165771484375,28.71356964111328,154.3178253173828,199.82781982421875,490.50372314453125,106.37342834472656,99.78617858886719,25.419105529785156,42.07514572143555,99.40716552734375,41.51211166381836,273.3927917480469,53.246192932128906,114.71417236328125
2024-10-03,184.32620239257812,263.61407470703125,37.93485641479492,922.6464233398438,141.7545928955078,140.41720581054688,471.54803466796875,29.540273666381836,153.6763153076172,197.84197998046875,489.90985107421875,104.5701675415039,99.83391571044922,25.179216384887695,42.984825134277344,98.61072540283203,41.258819580078125,273.254638671875,52.93807601928711,115.71481323242188
2024-10-04,183.23220825195312,271.56512451171875,38.76603698730469,920.416259765625,149.79908752441406,139.9437255859375,480.3367919921875,29.886337280273438,153.47523498535156,204.86412048339844,492.6119689941406,104.18103790283203,102.99401092529297,25.392452239990234,43.53063201904297,100.45365905761719,41.93427276611328,274.3106994628906,54.84453582763672,117.83880615234375
2024-10-07,182.59091186523438,269.419921875,38.62105941772461,912.154541015625,148.3932647705078,140.29652404785156,479.81292724609375,29.886337280273438,152.74754333496094,204.58285522460938,486.2773742675781,103.06111145019531,102.76487731933594,25.943302154541016,43.65511703491211,98.74964141845703,41.718502044677734,270.2246398925781,55.037113189697266,118.34855651855469
2024-10-08,182.0250701904297,264.81463623046875,38.59206771850586,920.2998657226562,145.9525909423828,138.09625244140625,481.70458984375,28.886600494384766,152.90074157714844,204.4082489013672,491.9784851074219,102.99466705322266,102.62167358398438,25.9255313873291,42.26665496826172,98.72185516357422,41.52149963378906,271.3794250488281,55.171913146972656,115.20506286621094
2024-10-09,183.66603088378906,267.0877685546875,38.84335708618164,926.9421997070312,148.19801330566406,138.9318084716797,490.0567626953125,29.184600830078125,153.8199462890625,206.9979248046875,495.49688720703125,104.65558624267578,104.10147094726562,26.822885513305664,42.33368682861328,99.48126220703125,42.30951690673828,273.32373046875,55.40299987792969,115.25223541259766
2024-10-10,183.28878784179688,266.15289306640625,38.63072967529297,926.6222534179688,147.54391479492188,139.83233642578125,488.64056396484375,29.540273666381836,153.68588256835938,206.4353790283203,493.58404541015625,103.82987976074219,103.18495178222656,26.06768798828125,42.707130432128906,100.01838684082031,42.15941619873047,273.8567199707031,55.60519790649414,116.24343872070312
2024-10-11,183.13790893554688,271.7520751953125,40.54438400268555,960.2412719726562,151.98593139648438,140.5750274658203,500.8439636230469,29.62679100036621,154.5955047607422,215.6010284423828,497.7862548828125,104.14307403564453,105.45716094970703,25.907764434814453,42.879493713378906,100.92595672607422,43.39774703979492,274.2218933105469,58.72486877441406,116.68712615966797
2024-10-14,184.51483154296875,272.1063537597656,40.50572204589844,961.6569213867188,152.8938446044922,140.9092559814453,507.100830078125,29.396081924438477,154.7295684814453,214.81539916992188,502.1470642089844,104.10511016845703,107.19473266601562,25.836687088012695,42.80288314819336,101.57423400878906,44.204532623291016,277.02484130859375,59.85141372680664,117.13080596923828
2024-10-15,182.38543701171875,272.88372802734375,40.72801971435547,976.473876953125,153.01101684570312,137.14932250976562,506.7419738769531,28.09834861755371,157.12326049804688,215.69801330566406,502.7120361328125,105.85142517089844,107.137451171875,26.15653419494629,41.12716293334961,101.37049102783203,44.09196472167969,275.6529846191406,60.68910217285156,113.60971069335938
2024-10-16,181.0545654296875,277.1839904785156,41.36590576171875,984.95849609375,154.31922912597656,138.07769775390625,513.9979858398438,28.16563606262207,157.2956085205078,216.910400390625,509.4910888671875,104.79794311523438,114.0972900390625,26.360883712768555,41.82617950439453,103.33382415771484,46.16522216796875,283.7758483886719,61.51716232299805,113.90235137939453
2024-10-17,179.25790405273438,281.218505859375,41.172603607177734,972.1102294921875,155.95936584472656,140.3708038330078,513.1636962890625,27.819576263427734,157.4775390625,217.6669158935547,509.18389892578125,104.16204833984375,114.03045654296875,26.0054988861084,42.123023986816406,104.8433609008789,46.87820053100586,286.60845947265625,61.98896026611328,113.60971069335938
2024-10-18,179.53358459472656,272.37200927734375,40.9019889831543,976.4931640625,155.25645446777344,139.95301818847656,512.6787109375,27.233190536499023,158.09988403320312,218.5883331298828,511.7408752441406,103.16551971435547,115.57707214355469,25.961071014404297,40.140869140625,107.0844955444336,46.118316650390625,286.83544921875,61.96970748901367,113.28874969482422
2024-10-21,177.32814025878906,266.4186096191406,40.360748291015625,970.199951171875,153.2941436767578,140.07371520996094,502.299072265625,27.1658992767334,155.90724182128906,216.28965759277344,510.4227600097656,100.92567443847656,112.92298889160156,25.703418731689453,40.62922668457031,105.584228515625,44.95504379272461,283.11456298828125,61.642330169677734,113.35482025146484
2024-10-22,179.43850708007812,268.0520935058594,40.882659912109375,970.4713745117188,152.31787109375,140.11087036132812,502.7840270996094,27.14667510986328,156.5009002685547,217.37594604492188,508.4504699707031,101.21039581298828,112.96116638183594,25.62345314025879,40.15045166015625,104.57478332519531,45.05823516845703,281.0814514160156,62.40299606323242,113.94011688232422
2024-10-23,178.60198974609375,266.9007873535156,40.92131805419922,958.2048950195312,150.58985900878906,139.70236206054688,501.7169494628906,26.73332405090332,158.8084259033203,216.6873321533203,509.154052734375,100.96363830566406,112.92298889160156,25.641223907470703,40.34196090698242,101.43531799316406,45.52729797363281,280.0648193359375,62.16228103637695,113.53418731689453
2024-10-24,180.2845458984375,265.67071533203125,41.22093200683594,954.1710205078125,149.62335205078125,139.6745147705078,508.79840087890625,26.771772384643555,156.71153259277344,218.21006774902344,506.0718688964844,100.48908996582031,113.77267456054688,25.445758819580078,39.499305725097656,103.73204040527344,45.452247619628906,279.5318603515625,62.999969482421875,112.89225769042969
2024-10-25,178.57345581054688,263.0827331542969,40.48640060424805,944.5420532226562,157.44329833984375,140.0087432861328,497.2546691894531,27.156286239624023,154.04017639160156,215.62042236328125,502.84088134765625,98.68584442138672,111.58639526367188,25.276952743530273,39.968509674072266,103.102294921875,44.78617858886719,278.0612487792969,62.133392333984375,112.7978744506836
2024-10-28,180.31307983398438,267.136962890625,41.19193649291992,956.3237915039062,161.4459991455078,139.758056640625,507.90606689453125,26.810226440429688,154.7295684814453,218.7144012451172,503.68328857421875,98.92311096191406,113.73448181152344,25.641223907470703,39.63336944580078,104.09321594238281,45.583587646484375,280.4891662597656,63.17328643798828,112.24091339111328
2024-10-29,180.09446716308594,266.1135559082031,41.10494613647461,953.3661499023438,159.1224822998047,137.88275146484375,508.5850830078125,26.45454978942871,153.28372192382812,216.19265747070312,501.7705078125,98.44857025146484,113.89678192138672,25.285831451416016,38.714115142822266,104.07469940185547,45.236480712890625,278.20928955078125,62.87480163574219,110.71163940429688
2024-10-30,191.5493621826172,269.7052917480469,40.8923225402832,950.166259765625,162.81277465820312,137.4464111328125,508.7014465332031,26.617969512939453,153.78164672851562,217.65724182128906,509.1144714355469,99.4925537109375,112.57927703857422,25.33914566040039,38.44599533081055,103.54680633544922,45.66801834106445,286.3814697265625,62.980716705322266,110.15467834472656
2024-10-31,193.80233764648438,265.76910400390625,40.418739318847656,951.2910766601562,158.9272003173828,138.1612548828125,502.28924560546875,26.666030883789062,153.0635223388672,215.24212646484375,495.1400451660156,97.1103515625,111.86241149902344,25.143680572509766,38.3693962097168,101.74092864990234,45.32090759277344,286.07550048828125,62.508907318115234,110.23965454101562
2024-11-01,193.49815368652344,268.33746337890625,40.360748291015625,955.2183227539062,160.01089477539062,142.10687255859375,503.8026123046875,26.608356475830078,153.32205200195312,216.23146057128906,503.5544128417969,96.69275665283203,112.43976593017578,24.957103729248047,38.07254409790039,103.77833557128906,44.87998962402344,286.95391845703125,62.2778205871582,108.51213836669922
2024-11-04,190.57025146484375,265.87738037109375,39.945159912109375,961.443603515625,157.4530792236328,142.9424285888672,496.1585388183594,27.040931701660156,151.5124053955078,213.16653442382812,501.0766906738281,96.68327331542969,111.75655364990234,24.66390609741211,38.60877990722656,104.17655181884766,44.27020263671875,288.0494689941406,61.33422088623047,111.96715545654297
2024-11-05,191.72047424316406,271.53558349609375,40.47673034667969,983.6009521484375,162.10987854003906,142.4225311279297,511.184814453125,27.425447463989258,151.61770629882812,214.82510375976562,501.056884765625,96.4744644165039,113.363525390625,24.868255615234375,38.82901382446289,106.05653381347656,44.66421890258789,289.470703125,61.69047546386719,112.29756164550781
2024-11-06,191.2642059326172,290.4488525390625,43.888450622558594,998.6019287109375,186.43858337402344,146.42381286621094,578.1385498046875,29.31917953491211,151.16770935058594,239.62564086914062,516.4882202148438,95.60132598876953,126.52721405029297,24.308517456054688,41.912357330322266,112.3447265625,48.08837890625,303.39697265625,69.77850341796875,114.22329711914062
2024-11-07,190.60826110839844,282.241943359375,43.2698974609375,1004.6529541015625,180.4344940185547,145.54188537597656,564.7420654296875,28.40595817565918,150.0666046142578,229.2670440673828,513.2672119140625,96.01890563964844,123.59233093261719,24.39736557006836,41.404850006103516,111.1871109008789,46.493568420410156,301.8177490234375,67.22692108154297,114.36491394042969
2024-11-08,189.6481475830078,283.0094909667969,43.617835998535156,1007.7752075195312,180.81524658203125,145.6903839111328,571.6197509765625,28.09834861755371,148.8601837158203,229.84896850585938,520.0858154296875,97.67980194091797,124.64119720458984,24.108640670776367,41.34739685058594,108.92743682861328,47.10335159301758,303.8608093261719,67.82733917236328,114.32713317871094
2024-11-11,165.816162109375,288.29376220703125,44.53600311279297,1021.8938598632812,185.69659423828125,145.2911834716797,584.3082885742188,28.9635009765625,148.4484405517578,232.08946228027344,525.3981323242188,95.60132598876953,128.48060607910156,23.675546646118164,42.4102897644043,109.21452331542969,47.88199996948242,306.87115478515625,70.2677230834961,113.72298431396484
2024-11-12,162.64111328125,283.90496826171875,44.32337188720703,1004.9340209960938,182.3577423095703,144.1678466796875,574.8500366210938,29.021181106567383,146.15048217773438,232.35133361816406,524.4566650390625,93.56078338623047,127.3162841796875,23.63043785095215,42.44858932495117,109.34417724609375,47.61931610107422,306.396484375,70.30647277832031,113.60971069335938
2024-11-13,161.9376678466797,283.0488586425781,44.33303451538086,999.7269287109375,181.12762451171875,147.35218811035156,576.4313354492188,29.021181106567383,146.72496032714844,233.9031982421875,517.2315673828125,93.48485565185547,127.749267578125,24.108640670776367,41.73999786376953,109.7331314086914,48.00394821166992,306.0306091308594,70.47109985351562,114.66698455810547
2024-11-14,161.25318908691406,283.6983337402344,44.362030029296875,1015.3387451171875,179.23731994628906,150.2116241455078,570.9893188476562,28.944278717041016,145.4132080078125,234.59182739257812,515.7646484375,93.35198974609375,127.43172454833984,23.477052688598633,41.605934143066406,110.94631958007812,47.19716262817383,304.81427001953125,70.50016021728516,114.74311065673828
2024-11-15,156.84234619140625,282.2911071777344,45.18355178833008,1015.6200561523438,181.33331298828125,149.85882568359375,575.7716674804688,28.54054069519043,147.4526824951172,237.9282989501953,517.2415161132812,91.40635681152344,129.00021362304688,22.37628173828125,41.34739685058594,109.99244689941406,46.812530517578125,306.1888122558594,71.99150085449219,113.55342864990234
2024-11-18,158.0686492919922,280.9823913574219,45.15456008911133,1018.1411743164062,179.10018920898438,150.76853942871094,570.3878173828125,29.271114349365234,148.18992614746094,237.65673828125,516.9837646484375,91.64363098144531,128.73077392578125,22.430419921875,41.64424514770508,109.89057922363281,47.478599548339844,308.68072509765625,71.7493896484375,114.50518798828125
2024-11-19,158.34432983398438,280.9922180175781,44.854942321777344,996.94384765625,177.2784423828125,149.68064880371094,563.9756469726562,29.29033851623535,146.49517822265625,235.7751007080078,514.8331298828125,91.62464904785156,127.24889373779297,22.64696502685547,41.27079391479492,109.23304748535156,47.28159713745117,308.37420654296875,71.11024475097656,112.90623474121094
2024-11-20,159.47555541992188,283.1177062988281,44.51667022705078,993.608154296875,176.9748077392578,151.3031005859375,564.5092163085938,29.972850799560547,146.6005096435547,233.53465270996094,507.9747314453125,92.47882080078125,126.71967315673828,22.502601623535156,41.68254470825195,108.8348159790039,47.60055923461914,303.9638977050781,71.25550842285156,114.51470184326172
2024-11-21,163.24951171875,288.32330322265625,44.903263092041016,996.8372802734375,178.8847198486328,151.58447265625,578.2647094726562,30.636138916015625,148.88888549804688,237.39486694335938,510.5119323730469,94.77560424804688,129.89511108398438,22.67403221130371,42.1900520324707,109.44605255126953,48.2103385925293,306.4459228515625,72.46601867675781,116.04701232910156
2024-11-22,168.21173095703125,296.4908142089844,45.42517852783203,1005.0407104492188,183.21383666992188,152.26910400390625,584.735107421875,30.703428268432617,148.5729217529297,241.07081604003906,516.2205200195312,94.1302261352539,129.6064453125,23.143211364746094,42.35282897949219,110.98336791992188,49.24227523803711,306.4656677246094,73.56031036376953,115.91378021240234
2024-11-25,168.3162841796875,300.33837890625,45.90842056274414,1000.221435546875,187.9445343017578,150.3933868408203,584.9776000976562,30.751493453979492,149.156982421875,242.75845336914062,521.9094848632812,96.00941467285156,128.6153106689453,23.61239242553711,41.89320755004883,113.88204193115234,50.311744689941406,309.6992492675781,74.47061920166016,114.18158721923828
2024-11-26,172.19479370117188,300.6926574707031,46.150047302246094,995.36328125,187.51358032226562,152.42852783203125,587.3736572265625,30.578458786010742,149.1376953125,242.44808959960938,523.772705078125,96.44599914550781,126.32512664794922,23.251483917236328,41.634666442871094,114.78962707519531,50.33988571166992,308.34454345703125,74.90640258789062,112.278076171875
2024-11-27,174.0390167236328,299.3937072753906,46.16937255859375,988.54638671875,187.35687255859375,152.0346221923828,587.3057250976562,30.645750045776367,149.9870147705078,242.27349853515625,527.6380615234375,97.86962127685547,126.25778198242188,23.305618286132812,41.80702590942383,114.9841079711914,50.171024322509766,311.1923828125,74.77082824707031,111.98304748535156
2024-11-29,173.8964080810547,299.8168640136719,45.9180908203125,991.7947998046875,188.0620574951172,151.8657989501953,590.3517456054688,30.626527786254883,149.61061096191406,242.20562744140625,528.1929931640625,96.46498107910156,126.6426773071289,23.648481369018555,42.07514572143555,114.687744140625,49.99278259277344,311.5681457519531,73.763671875,112.26856994628906
2024-12-02,172.793701171875,297.4355163574219,45.46383285522461,989.1863403320312,183.6643829345703,152.12841796875,586.5887451171875,30.3381404876709,149.40794372558594,238.84002685546875,526.6270751953125,95.48741149902344,126.08456420898438,23.29659652709961,41.77830123901367,114.5025405883789,49.50495147705078,313.1206359863281,72.90180206298828,112.16387176513672
2024-12-03,172.53704833984375,297.287841796875,45.25120544433594,1007.503662109375,183.21383666992188,151.85643005371094,586.949462890625,30.491945266723633,147.0529327392578,237.45306396484375,521.4932250976562,96.66429138183594,125.516845703125,23.0620059967041,41.79745101928711,114.30805969238281,48.876407623291016,309.521240234375,71.79782104492188,111.99256896972656
2024-12-04,167.7459259033203,297.77008056640625,44.8162841796875,1003.6249389648438,181.68592834472656,148.4801788330078,583.6641845703125,29.573806762695312,145.228759765625,236.07579040527344,516.4981689453125,96.20872497558594,125.08381652832031,22.764257431030273,41.185543060302734,113.90982818603516,48.79197692871094,306.4459228515625,70.7519302368164,108.76612854003906
2024-12-05,167.47023010253906,295.733154296875,45.42517852783203,1018.1254272460938,181.7544708251953,149.4274139404297,581.8020629882812,29.013254165649414,144.3118438720703,238.0931854248047,520.0958251953125,98.27772521972656,125.40138244628906,23.188325881958008,40.491729736328125,115.4749526977539,48.89516830444336,305.6350402832031,71.3329849243164,109.24198913574219
2024-12-06,167.48924255371094,299.13787841796875,45.43489074707031,1016.2640380859375,184.0953369140625,145.5916290283203,584.6097412109375,27.81484031677246,144.10914611816406,239.9166259765625,523.8619384765625,97.84114074707031,125.05496978759766,23.21539306640625,39.47028350830078,114.67849731445312,48.95145797729492,307.54351806640625,71.9818115234375,108.09038543701172
2024-12-09,167.85049438476562,291.98388671875,44.61852264404297,1019.6844482421875,180.92196655273438,147.3172607421875,579.1893920898438,28.104778289794922,144.38906860351562,236.47344970703125,518.1630859375,98.50553131103516,123.72705841064453,23.549232482910156,39.67264175415039,114.45622253417969,48.13528823852539,304.86370849609375,70.32584381103516,107.45271301269531
2024-12-10,166.99493408203125,297.287841796875,44.46302032470703,1030.1016845703125,180.148193359375,147.2422332763672,570.3279418945312,28.095115661621094,144.0319366455078,235.5520477294922,524.2980346679688,95.8575668334961,122.00460052490234,23.071029663085938,39.3835563659668,113.9376220703125,48.37919616699219,308.89825439453125,69.77384948730469,107.23380279541016
2024-12-11,165.7591094970703,297.5141906738281,44.78374099731445,1038.0828857421875,182.22462463378906,146.50132751464844,577.6687622070312,28.220754623413086,141.53216552734375,236.20187377929688,529.6895751953125,94.67121124267578,122.77440643310547,22.764257431030273,40.0484619140625,112.71517181396484,48.1446647644043,310.29254150390625,69.33805847167969,106.51998901367188
2024-12-12,164.6374053955078,295.5067443847656,44.78374099731445,1031.80712890625,180.95135498046875,145.0945587158203,576.7424926757812,27.92115020751953,141.14610290527344,234.26205444335938,527.6676635742188,96.09483337402344,123.08232879638672,22.89057731628418,39.605186462402344,112.02059173583984,47.93828201293945,310.7276611328125,68.5633316040039,106.42481231689453
2024-12-13,164.8085174560547,297.31744384765625,44.38527297973633,1029.58544921875,180.73585510253906,144.30674743652344,570.7665405273438,27.71819496154785,141.51284790039062,232.71990966796875,524.2881469726562,96.80664825439453,122.59158325195312,23.080053329467773,38.75719451904297,111.85218048095703,47.87261199951172,311.2319641113281,68.21470642089844,105.4920883178711
2024-12-16,163.1544647216797,298.724609375,44.19089889526367,1037.488525390625,181.30393981933594,140.07705688476562,571.5952758789062,26.93535804748535,138.83937072753906,232.37075805664062,525.5864868164062,95.72559356689453,124.16006469726562,22.782304763793945,38.429561614990234,111.60889434814453,48.18219757080078,312.3691711425781,69.70604705810547,103.2364501953125
2024-12-17,166.71925354003906,296.5301818847656,43.782711029052734,1022.4520874023438,177.4547119140625,138.90475463867188,560.238037109375,26.278162002563477,141.3101806640625,231.18743896484375,526.2802734375,95.72559356689453,122.91874694824219,23.846981048583984,37.51411437988281,110.30828857421875,46.88758087158203,314.75225830078125,68.57301330566406,102.79865264892578
2024-12-18,164.47579956054688,283.18658447265625,42.27631378173828,994.2698974609375,170.85333251953125,135.12521362304688,536.4219360351562,25.273040771484375,139.70799255371094,223.4378662109375,515.3286743164062,94.08010864257812,116.47161865234375,23.35975456237793,35.97230911254883,105.57371520996094,44.66421890258789,306.3272399902344,66.58778381347656,101.28535461425781
2024-12-19,163.0498809814453,288.40203857421875,42.159690856933594,990.4011840820312,172.04824829101562,132.37730407714844,540.0679931640625,24.90578269958496,138.5787811279297,225.94993591308594,518.6190795898438,95.20899963378906,115.95201110839844,23.251483917236328,35.56758117675781,105.70470428466797,44.476593017578125,311.3703918457031,66.67494201660156,100.41926574707031
2024-12-20,166.90939331054688,293.88311767578125,42.927467346191406,1002.4457397460938,174.9767608642578,133.97166442871094,551.8735961914062,25.099075317382812,139.437744140625,230.45033264160156,523.3267211914062,93.80267333984375,118.78104400634766,23.783824920654297,35.49049377441406,108.65211486816406,44.95504379272461,314.1688537597656,68.11785125732422,100.76189422607422
2024-12-23,169.58059692382812,294.03070068359375,42.65534591674805,1013.1749267578125,176.26962280273438,134.08419799804688,556.43603515625,25.379350662231445,140.2098846435547,231.21653747558594,524.24853515625,95.06549072265625,119.75292205810547,24.0996150970459,35.904850006103516,108.60533905029297,45.330291748046875,313.684326171875,68.3115463256836,101.17115020751953
2024-12-24,171.11109924316406,298.6163330078125,43.131561279296875,1027.9188232421875,178.37539672851562,134.90011596679688,568.1441650390625,25.939899444580078,140.76968383789062,235.01856994628906,530.9383544921875,95.14202117919922,122.26441192626953,24.126686096191406,36.357765197753906,109.54102325439453,45.80873489379883,317.07611083984375,69.328369140625,101.26632690429688
2024-12-26,170.35060119628906,299.13787841796875,43.29677963256836,1027.383056640625,178.61050415039062,135.03143310546875,566.6233520507812,25.901241302490234,140.5090789794922,235.8236083984375,531.3744506835938,95.54383087158203,123.19779968261719,23.964277267456055,36.357765197753906,110.01822662353516,45.97760009765625,317.33319091796875,69.49299621582031,101.35198211669922
2024-12-27,169.21937561035156,296.24481201171875,43.09268569946289,1017.5408325195312,176.51449584960938,135.05018615722656,561.7003173828125,25.89157485961914,139.99754333496094,233.91290283203125,527.4596557617188,95.38119506835938,121.97574615478516,24.018413543701172,36.42521286010742,108.2310562133789,45.489768981933594,315.1082458496094,68.86354064941406,101.34246063232422
2024-12-30,167.49876403808594,292.58416748046875,42.67478561401367,1001.218017578125,174.27157592773438,134.17799377441406,559.1363525390625,26.05587387084961,138.34710693359375,232.1185760498047,520.8687744140625,94.10881042480469,121.00385284423828,23.83795738220215,36.434852600097656,106.5374526977539,45.26462173461914,311.79559326171875,68.18565368652344,100.65721130371094
